"","ID.active","country","date.start","date.end","doy","complete","sp.conifers","sp.conif.abies.alba","sp.conif.larix.spp","sp.conif.picea.abies","sp.conif.pinus.cembra","sp.conif.pinus.mugo","sp.conif.pinus.nigra","sp.conif.pinus.sylvestris","sp.conif.pseudotsuga.menziesi","sp.conif.taxus.baccata","sp.broadleaves","sp.brleaf.betula.spp","sp.brleaf.carpinus.betulus","sp.brleaf.alnus.glutinosa","sp.brleaf.castanea.sativa","sp.brleaf.fagus.sylvatica","sp.brleaf.populus.spp","sp.brleaf.quercus.robur","sp.brleaf.quercus.petraea","sp.brleaf.quercus.cerris","sp.brleaf.robinia.pseudoacacia","sp.brleaf.tilia.spp","sp.brleaf.ulmus.spp","sp.other","sp.conif.sum","sp.broadl.sum"
"1",1,"France",2022-07-05,2022-07-05,186,1,"Yes",0,0,0,0,0,0,0,0,0,"Yes",0,0,0,0,0,0,0,0,0,0,0,0,"Arboretum",0,0
"2",2,"France",2022-07-06,2022-07-06,187,1,"No",0,0,0,0,0,0,0,0,0,"No",1,0,0,1,0,0,0,1,0,0,0,0,"pn maritime",0,3
"3",3,"Bosnia & Herzegovina",2022-07-08,2022-07-08,189,1,"No",0,0,0,0,0,0,0,0,0,"No",0,1,0,0,1,0,0,0,1,0,0,0,NA,0,3
"4",NA,NA,2022-07-11,2022-07-11,192,0,"N/A",NA,NA,NA,NA,NA,NA,NA,NA,NA,"N/A",NA,NA,NA,NA,NA,NA,NA,NA,NA,NA,NA,NA,NA,0,0
"5",6,"France",2022-07-12,2022-07-12,193,1,"No",0,0,0,0,0,0,0,0,0,"No",0,1,0,0,1,0,1,0,0,0,0,0,NA,0,3
"6",8,"Poland",2022-07-19,2022-07-19,200,1,"No",0,0,0,0,0,0,1,0,0,"No",1,0,0,0,0,0,0,0,0,0,0,0,NA,1,1
"7",9,"Croatia",2022-07-19,2022-07-20,201,1,"No",0,0,0,0,0,0,0,0,0,"No",0,0,0,0,1,0,0,0,0,0,1,0,NA,0,2
"8",12,"Germany",2022-07-22,2022-07-22,203,1,"Yes",0,0,0,0,0,0,1,0,0,"No",1,0,0,0,1,0,0,1,0,0,0,0,NA,1,3
"9",NA,NA,2022-07-22,2022-07-22,203,0,"No",0,0,1,0,0,0,0,0,0,"No",1,0,0,0,1,1,0,1,0,0,0,0,NA,1,4
"10",14,"Switzerland",2022-07-22,2022-07-22,203,1,"No",0,0,1,0,0,0,0,0,0,"No",0,0,0,0,1,0,0,0,0,0,0,0,NA,1,1
"11",NA,NA,2022-07-23,2022-07-23,204,0,"N/A",NA,NA,NA,NA,NA,NA,NA,NA,NA,"N/A",NA,NA,NA,NA,NA,NA,NA,NA,NA,NA,NA,NA,NA,0,0
"12",16,"France",2022-07-25,2022-08-11,223,1,"Yes",0,0,1,0,0,0,1,0,0,"No",0,0,0,0,0,0,0,0,0,0,0,0,NA,2,0
"13",NA,NA,2022-07-27,2022-07-27,208,0,"Yes",0,0,0,0,0,0,0,0,0,"No",0,0,0,0,0,0,0,0,0,0,0,0,NA,0,0
"14",18,"France",2022-07-29,2022-07-29,210,1,"Yes",0,0,0,0,0,1,0,0,0,"No",0,0,0,0,0,0,0,0,0,0,0,0,NA,1,0
"15",19,"Germany",2022-07-31,2022-07-31,212,1,"Yes",0,0,1,0,0,0,0,0,1,"Yes",1,1,0,0,0,0,0,0,0,0,1,0,"Ahorne",2,3
"16",NA,NA,2022-08-02,2022-10-04,277,0,"N/A",NA,NA,NA,NA,NA,NA,NA,NA,NA,"N/A",NA,NA,NA,NA,NA,NA,NA,NA,NA,NA,NA,NA,NA,0,0
"17",NA,NA,2022-08-02,2022-08-02,214,0,"N/A",NA,NA,NA,NA,NA,NA,NA,NA,NA,"N/A",NA,NA,NA,NA,NA,NA,NA,NA,NA,NA,NA,NA,NA,0,0
"18",22,"France",2022-08-03,2022-08-03,215,1,"No",0,0,1,0,0,0,1,0,0,"No",0,0,0,0,0,0,0,0,0,0,0,0,NA,2,0
"19",23,"France",2022-08-03,2022-08-03,215,1,"No",1,0,0,0,0,0,1,0,0,"No",0,0,0,0,1,0,0,0,0,0,0,0,NA,2,1
"20",NA,NA,2022-08-03,2022-08-03,215,0,"No",0,0,0,0,0,0,0,0,0,"No",0,0,0,0,0,0,0,0,0,0,0,0,NA,0,0
"21",25,"Italy",2022-08-03,2022-08-03,215,1,"Yes",1,1,1,0,1,0,1,0,0,"Yes",1,0,0,1,1,1,0,1,0,0,0,0,NA,5,5
"22",NA,NA,2022-08-04,2022-08-23,235,0,"N/A",NA,NA,NA,NA,NA,NA,NA,NA,NA,"N/A",NA,NA,NA,NA,NA,NA,NA,NA,NA,NA,NA,NA,NA,0,0
"23",28,"Germany",2022-08-05,2022-08-05,217,1,"No",0,0,0,0,0,0,0,0,0,"Yes",1,0,0,0,1,0,1,1,0,0,1,1,"Speierlinge, Elsbeere, Spitzahorn, Bergahorn",0,6
"24",29,"Germany",2022-08-05,2022-08-05,217,1,"No",0,1,1,0,0,0,0,0,0,"No",0,0,0,0,0,0,0,0,0,0,0,0,NA,2,0
"25",30,"France",2022-08-06,2022-08-06,218,1,"No",0,0,0,0,0,1,1,0,0,"No",0,0,0,0,1,0,0,0,0,0,0,0,NA,2,1
"26",31,"Germany",2022-08-06,2022-08-06,218,1,"Yes",0,0,0,0,0,0,1,0,0,"No",1,0,0,0,0,0,1,0,0,0,0,0,NA,1,2
"27",32,"Germany",2022-08-07,2022-08-07,219,1,"No",1,0,0,0,0,0,0,0,0,"No",0,0,0,0,1,0,0,0,0,0,0,0,NA,1,1
"28",34,"Germany",2022-08-15,2022-08-15,227,1,"Yes",0,0,0,0,0,0,1,0,0,"No",0,0,0,0,0,0,0,0,0,1,0,0,NA,1,1
"29",35,"Germany",2022-08-15,2022-08-15,227,1,"No",0,0,0,0,0,0,0,0,0,"No",1,0,1,0,0,0,1,0,0,0,0,0,NA,0,3
"30",NA,NA,2022-08-15,2022-08-15,227,0,"No",0,0,1,0,0,0,1,0,0,"No",1,1,1,0,1,1,1,0,0,0,1,0,NA,2,7
"31",37,"Germany",2022-08-18,2022-08-18,230,1,"Yes",1,0,1,0,0,0,1,0,0,"Yes",1,1,0,0,1,0,1,1,0,0,1,0,NA,3,6
"32",39,"Switzerland",2022-08-23,2022-08-23,235,1,"No",0,0,1,0,0,0,1,0,0,"No",0,0,0,0,1,0,0,0,0,0,0,0,NA,2,1
"33",40,"Germany",2022-08-23,2022-08-23,235,1,"No",1,1,1,0,0,0,1,1,0,"No",0,0,0,0,1,0,1,0,0,0,0,0,NA,5,2
"34",41,"Switzerland",2022-08-26,2022-08-26,238,1,"No",0,1,1,0,0,0,1,0,0,"No",1,0,0,0,0,0,0,0,0,0,0,0,NA,3,1
"35",NA,NA,2022-08-28,2022-08-28,240,0,"N/A",NA,NA,NA,NA,NA,NA,NA,NA,NA,"N/A",NA,NA,NA,NA,NA,NA,NA,NA,NA,NA,NA,NA,NA,0,0
"36",43,"Germany",2022-08-29,2022-08-29,241,1,"N/A",NA,1,1,NA,NA,NA,NA,NA,NA,"N/A",NA,NA,NA,NA,1,NA,1,NA,NA,NA,NA,NA,NA,2,2
"37",44,"Belgium",2022-08-31,2022-08-31,243,1,"Yes",0,0,0,0,0,1,1,0,0,"Yes",0,0,0,0,1,0,1,1,0,0,0,0,NA,2,3
"38",45,"Hungary",2022-08-31,2022-08-31,243,1,"No",0,0,0,0,0,0,0,0,0,"No",0,1,0,0,1,0,0,0,0,0,0,0,NA,0,2
"39",NA,NA,2022-09-05,2022-09-05,248,0,"No",0,0,0,0,0,0,0,0,0,"No",0,0,0,0,1,0,1,0,0,0,0,0,NA,0,2
"40",47,"Germany",2022-09-15,2022-09-15,258,1,"No",0,0,0,0,0,0,0,1,0,"No",0,0,0,0,0,0,1,0,0,0,1,1,"Elsbeere",1,3
"41",48,"Croatia",2022-09-21,2022-09-23,266,1,"No",0,0,1,0,0,0,0,0,0,"No",1,0,0,0,0,0,0,1,0,1,1,0,NA,1,4
"42",49,"Switzerland",2022-09-22,2022-09-22,265,1,"Yes",1,1,1,0,0,0,1,1,1,"Yes",1,1,1,0,1,0,0,1,0,0,1,1,NA,6,7
"43",50,"Germany",2022-09-26,2022-09-26,269,1,"No",0,0,0,0,0,0,1,0,0,"No",0,0,0,0,1,0,1,1,0,0,0,0,NA,1,3
"44",51,"Switzerland",2022-09-26,2022-09-26,269,1,"No",1,0,1,0,0,0,0,0,0,"Yes",1,1,1,1,1,0,1,1,0,0,0,1,NA,2,8
"45",52,"Germany",2022-09-27,2022-09-27,270,1,"Yes",0,0,1,0,0,0,1,0,0,"No",0,0,0,0,1,0,0,0,0,0,0,0,NA,2,1
"46",NA,NA,2022-09-27,2022-09-27,270,0,"No",0,0,0,0,0,0,0,0,0,"No",0,0,0,0,1,0,0,0,0,0,0,0,NA,0,1
"47",54,"Switzerland",2022-09-28,2022-09-28,271,1,"Yes",1,0,1,0,0,0,0,0,0,"No",0,0,0,0,1,0,0,0,0,0,0,0,NA,2,1
"48",55,"Germany",2022-09-29,2022-09-29,272,1,"No",0,1,1,0,0,0,0,1,0,"No",1,1,0,0,1,0,0,0,0,0,0,0,NA,3,3
"49",56,"Germany",2022-09-30,2022-09-30,273,1,"No",0,0,1,0,0,0,0,0,0,"No",0,0,0,0,0,0,0,0,0,0,0,0,"Roteiche und Birke",1,0
"50",57,"Switzerland",2022-10-03,2022-10-03,276,1,"No",1,1,1,0,0,0,1,1,0,"No",0,1,1,0,1,0,1,0,0,1,0,0,"Ahorn, Schwarznuss",5,5
"51",58,"Germany",2022-10-04,2022-10-04,277,1,"No",0,0,1,0,0,0,1,0,0,"No",0,0,0,0,0,0,1,0,0,0,0,0,NA,2,1
"52",59,"Germany",2022-10-04,2022-10-04,277,1,"No",0,0,0,0,0,0,1,0,0,"No",0,0,0,0,0,0,0,0,0,0,0,0,NA,1,0
"53",60,"Germany",2022-10-11,2022-10-11,284,1,"No",1,1,1,0,0,1,1,1,0,"No",1,1,1,0,1,1,0,1,0,0,1,1,"Eschen",6,8
"54",61,"France",2022-10-11,2022-10-11,284,1,"No",0,1,0,0,0,0,0,0,0,"No",0,0,0,0,0,0,0,0,0,0,0,0,"Chêne rouge Amérique. Cèdre liban",1,0
"55",62,"France",2022-10-13,2022-10-13,286,1,"No",0,0,0,0,0,0,0,1,0,"No",0,0,0,1,0,0,1,0,0,1,0,0,NA,1,3
"56",NA,NA,2022-10-14,2022-10-14,287,0,"N/A",NA,NA,NA,NA,NA,NA,NA,NA,NA,"N/A",NA,NA,NA,NA,NA,NA,NA,NA,NA,NA,NA,NA,NA,0,0
"57",65,"France",2022-10-17,2022-10-17,290,1,"No",1,0,0,0,0,0,0,0,0,"No",0,0,0,1,1,0,1,1,0,0,0,0,NA,1,4
"58",66,"France",2022-10-17,2022-10-17,290,1,"Yes",1,0,1,0,0,0,0,1,0,"No",0,0,0,1,1,0,0,0,0,0,0,0,"Frêne, erable, pin laricio",3,2
"59",67,"France",2022-10-18,2022-10-18,291,1,"No",0,0,0,0,0,0,1,0,0,"No",1,0,0,0,0,0,0,1,0,0,0,0,NA,1,2
"60",68,"Romania",2022-10-19,2022-10-19,292,1,"No",1,0,0,0,0,0,0,0,0,"No",0,0,0,0,1,0,0,0,0,0,0,0,NA,1,1
"61",69,"Germany",2022-10-22,2022-10-22,295,1,"No",1,0,1,0,0,0,0,0,0,"No",0,0,0,0,0,0,0,0,0,0,0,0,NA,2,0
"62",70,"Romania",2022-10-25,2022-10-25,298,1,"No",0,1,1,0,0,0,0,0,0,"No",1,1,0,0,1,0,0,0,0,0,0,0,NA,2,3
"63",71,"Romania",2022-10-27,2022-10-27,300,1,"No",0,0,0,0,0,0,0,0,0,"No",0,0,0,0,1,0,0,0,0,0,0,0,NA,0,1
"64",NA,"Serbia",2022-10-27,2022-10-27,300,0,"No",1,0,0,0,0,0,0,0,0,"No",0,0,0,0,1,0,0,0,0,0,0,0,NA,1,1
"65",73,"France",2022-10-30,2022-10-30,303,1,"No",0,0,0,0,0,0,0,0,0,"No",0,0,0,1,1,0,1,1,0,0,0,0,"houx",0,4
"66",74,"Germany",2022-11-06,2022-11-06,310,1,"Yes",0,0,0,0,0,0,1,0,0,"No",0,0,0,0,0,0,0,0,0,0,0,0,NA,1,0
"67",75,"Bosnia & Herzegovina",2022-11-07,2022-11-07,311,1,"No",1,0,1,0,0,0,0,0,0,"No",0,0,0,0,1,0,0,0,0,0,0,0,NA,2,1
"68",77,"France",2022-11-07,2022-11-07,311,1,"Yes",0,0,1,0,0,0,1,0,0,"No",0,0,0,0,0,0,0,0,0,0,0,0,NA,2,0
"69",78,"Czech Republic",2022-11-08,2022-11-08,312,1,"No",1,1,1,0,0,0,1,0,0,"Yes",0,1,0,0,1,0,0,1,0,0,0,0,NA,4,3
"70",80,"Germany",2022-11-08,2022-11-08,312,1,"Yes",0,0,1,0,0,0,0,0,0,"No",0,0,0,0,0,0,0,0,0,0,0,0,NA,1,0
"71",81,"Croatia",2022-11-09,2022-11-09,313,1,"No",0,0,0,0,0,0,0,0,0,"No",0,1,0,1,0,0,0,1,0,1,0,0,NA,0,4
"72",NA,NA,2022-11-09,2022-11-10,314,0,"No",0,0,0,0,0,0,0,0,0,"No",1,0,0,1,1,0,1,0,0,0,1,0,NA,0,5
"73",83,"Switzerland",2022-11-09,2022-11-09,313,1,"No",0,0,0,0,0,0,0,0,0,"No",0,1,0,0,1,0,0,1,0,0,0,1,NA,0,4
"74",84,"Switzerland",2022-11-09,2022-11-09,313,1,"Yes",1,1,1,0,0,0,0,0,0,"No",0,0,0,0,1,0,1,0,0,0,0,0,"Frênes ",3,2
"75",87,"Hungary",2022-11-11,2022-11-11,315,1,"No",0,0,0,0,0,0,0,0,0,"No",0,1,0,0,1,0,0,1,1,0,1,0,NA,0,5
"76",89,"Romania",2022-11-14,2022-11-14,318,1,"No",0,0,1,0,0,0,0,0,0,"No",0,0,0,0,1,0,0,1,0,0,0,0,NA,1,2
"77",91,"Croatia",2022-11-17,2023-02-09,405,1,"N/A",NA,NA,NA,NA,NA,NA,NA,NA,NA,"N/A",NA,1,NA,NA,1,NA,NA,NA,NA,NA,NA,NA,NA,0,2
"78",92,"Hungary",2022-11-18,2022-11-18,322,1,"No",0,0,0,0,0,0,1,0,0,"Yes",0,1,0,0,1,0,0,1,0,0,0,0,NA,1,3
"79",93,"Ukraine",2022-11-18,2022-11-18,322,1,"No",0,0,0,0,0,0,0,0,0,"Yes",0,1,0,0,0,0,1,1,0,0,1,1,NA,0,5
"80",94,"France",2022-11-26,2022-11-26,330,1,"Yes",1,1,1,0,0,0,0,1,0,"No",1,0,0,1,1,0,1,0,0,0,0,0,"Abies grandis et epicea de sitka",4,4
"81",95,"France",2022-11-26,2022-11-26,330,1,"No",1,0,1,0,0,0,0,0,0,"No",1,0,0,0,1,0,0,1,0,0,1,0,NA,2,4
"82",96,"Poland",2022-11-28,2022-11-28,332,1,"Yes",1,0,1,0,0,0,1,0,0,"Yes",1,0,1,0,1,0,1,0,0,0,0,0,NA,3,4
"83",97,"Poland",2022-11-30,2022-12-02,336,1,"No",0,0,0,0,0,0,0,0,0,"No",0,0,1,0,0,0,0,0,0,1,0,0,NA,0,2
"84",99,"Hungary",2022-11-30,2022-11-30,334,1,"No",0,0,1,0,0,0,0,0,0,"No",0,0,0,0,0,0,0,0,0,0,0,0,NA,1,0
"85",100,"Switzerland",2022-12-05,2022-12-05,339,1,"No",0,0,0,0,0,0,0,0,0,"No",0,1,0,0,1,0,1,0,0,0,1,1,"Maple",0,5
"86",101,"Hungary",2022-12-07,2022-12-07,341,1,"No",0,0,0,0,0,0,0,0,0,"Yes",0,0,0,0,1,0,0,0,0,0,0,0,NA,0,1
"87",103,"Germany",2022-12-11,2022-12-11,345,1,"No",0,0,0,0,0,0,1,0,0,"No",0,0,0,0,0,0,0,1,0,0,0,0,NA,1,1
"88",104,"Hungary",2022-12-19,2022-12-19,353,1,"No",0,0,0,0,0,0,0,0,0,"No",0,1,0,0,1,0,0,1,1,0,0,0,"Acer sp., Fraxinus sp.",0,4
"89",105,"Italy",2022-12-22,2022-12-22,356,1,"No",0,1,1,0,0,0,1,0,0,"No",1,0,0,0,0,0,0,0,0,0,0,0,"Salix, Sorbus, Acer, Juniperus",3,1
"90",106,"Poland",2023-01-11,2023-01-11,376,1,"Yes",0,0,0,0,0,0,1,0,0,"Yes",1,0,0,0,0,0,0,1,0,1,0,0,NA,1,3
"91",NA,NA,2023-01-15,2023-01-15,380,0,"No",1,0,1,0,0,0,0,0,1,"No",0,0,0,0,1,0,0,0,0,0,0,0,"Esche, Bergahorn",3,1
"92",108,"Switzerland",2023-01-18,2023-01-19,384,1,"No",1,0,0,0,0,0,0,0,0,"No",0,0,0,0,1,0,1,0,0,0,0,0,"Fraxinus excelsior",1,2
"93",110,"Croatia",2023-01-24,2023-01-24,389,1,"No",0,0,1,0,0,0,0,0,0,"No",0,1,0,0,1,0,0,1,0,0,0,0,NA,1,3
"94",111,"Croatia",2023-01-24,2023-01-25,390,1,"No",0,0,0,0,0,0,0,0,0,"Yes",0,1,0,0,1,0,0,1,0,0,0,0,NA,0,3
"95",112,"Croatia",2023-01-24,2023-01-24,389,1,"Yes",1,0,1,0,0,0,0,0,0,"Yes",0,0,0,0,1,0,0,0,0,0,0,0,NA,2,1
"96",114,"Croatia",2023-01-25,2023-01-25,390,1,"Yes",1,0,0,0,0,0,0,0,0,"Yes",0,0,0,0,1,0,0,0,0,0,0,0,NA,1,1
"97",115,"Croatia",2023-01-25,2023-01-25,390,1,"No",0,0,0,0,0,0,0,0,0,"Yes",0,1,0,0,1,0,0,1,0,0,0,0,NA,0,3
"98",NA,NA,2023-01-30,2023-01-30,395,0,"N/A",NA,NA,NA,NA,NA,NA,NA,NA,NA,"N/A",NA,NA,NA,NA,NA,NA,NA,NA,NA,NA,NA,NA,NA,0,0
"99",117,"Poland",2023-02-02,2023-02-02,398,1,"No",0,0,0,0,0,0,0,0,0,"Yes",0,1,0,0,1,0,1,0,0,0,0,0,"Grab zwyczajny (Carpinus betulus)",0,3
"100",118,"Germany",2023-02-08,2023-02-08,404,1,"No",0,0,0,0,0,0,0,0,0,"Yes",1,0,1,0,0,0,0,0,0,1,0,1,NA,0,4
"101",NA,NA,2023-02-09,2023-02-20,416,0,"No",0,0,0,0,0,0,0,0,0,"Yes",0,0,0,0,0,0,0,0,1,0,0,0,NA,0,1
"102",120,"Austria",2023-02-10,2023-02-10,406,1,"Yes",0,0,0,0,0,0,0,0,0,"Yes",0,0,0,0,0,0,0,0,0,0,0,0,NA,0,0
"103",121,"Germany",2023-02-13,2023-02-15,411,1,"No",0,0,0,0,0,0,0,0,0,"Yes",1,0,1,0,0,1,1,1,1,0,1,1,NA,0,8
"104",124,"France",2023-02-18,2023-02-18,414,1,"No",1,0,1,0,0,0,0,0,0,"No",0,0,0,0,1,0,0,0,0,0,1,0,"Alisier blanc-Erable à feuilles d'obier",2,2
"105",125,"Serbia",2023-02-20,2023-02-20,416,1,"No",1,0,0,0,0,0,0,0,0,"No",0,0,0,0,1,0,0,0,0,0,0,0,NA,1,1
"106",126,"Hungary",2023-02-23,2023-02-27,423,1,"No",0,0,0,0,0,0,0,0,0,"No",0,0,0,0,1,0,0,0,0,0,0,0,NA,0,1
"107",127,"Hungary",2023-02-24,2023-02-27,423,1,"No",0,0,0,0,0,0,0,0,0,"Yes",0,0,0,0,0,0,0,0,0,0,0,0,NA,0,0
"108",128,"France",2023-02-24,2023-02-24,420,1,"Yes",1,0,1,0,0,0,0,0,0,"Yes",0,0,0,0,1,0,0,0,0,0,1,1,NA,2,3
"109",130,"Italy",2023-02-27,2023-02-27,423,1,"N/A",1,NA,NA,NA,NA,NA,NA,NA,NA,"N/A",NA,NA,NA,NA,NA,NA,NA,NA,1,NA,NA,NA,"Carrubo",1,1
"110",131,"France",2023-02-27,2023-02-27,423,1,"Yes",1,0,1,0,0,0,0,0,0,"No",0,0,0,0,1,0,0,0,0,0,0,0,"érable sycomore",2,1
"111",132,"France",2023-03-01,2023-03-01,425,1,"No",0,0,0,0,0,1,0,1,0,"No",0,0,0,0,0,0,0,0,0,0,0,0,NA,2,0
"112",NA,NA,2023-03-06,2023-03-06,430,0,"N/A",NA,NA,NA,NA,NA,NA,NA,NA,NA,"N/A",NA,NA,NA,NA,NA,NA,NA,NA,NA,NA,NA,NA,NA,0,0
"113",134,"France",2023-03-07,2023-03-07,431,1,"No",0,0,0,0,0,0,0,0,0,"No",0,0,0,0,0,0,0,0,0,0,0,0,"Arboretum d'Amance multi espèces",0,0
"114",135,"Germany",2023-03-12,2023-03-12,436,1,"Yes",0,1,0,0,0,0,1,1,0,"Yes",1,1,1,0,0,0,1,1,0,1,1,1,NA,3,8
"115",136,"France",2023-03-15,2023-03-15,439,1,"No",0,0,1,0,0,0,0,0,0,"No",0,0,0,0,0,0,0,0,0,0,1,0,"Fraxinus excelsior",1,1
"116",137,"Germany",2023-03-17,2023-03-17,441,1,"No",0,0,1,0,0,0,1,1,0,"No",1,0,0,0,0,0,0,0,0,0,0,0,NA,3,1
"117",NA,NA,2023-03-20,2023-03-20,444,0,"N/A",NA,NA,NA,NA,NA,NA,NA,NA,NA,"N/A",NA,NA,NA,NA,NA,NA,NA,NA,NA,NA,NA,NA,NA,0,0
"118",139,"Slovakia",2023-03-20,2023-03-20,444,1,"Yes",1,1,1,0,0,0,1,0,0,"No",1,0,1,0,1,0,0,0,0,0,0,0,"Sorbus aucuparia, Salix caprea, Sambucus nigra/racemosa",4,3
"119",141,"Hungary",2023-03-21,2023-03-21,445,1,"No",0,0,0,0,0,0,0,0,0,"No",0,0,0,0,0,0,0,0,0,1,0,0,"Fraxinus ornus, Ulmus minor Mill.",0,1
"120",142,"Luxemburg",2023-03-23,2023-03-23,447,1,"No",1,1,1,0,0,1,1,1,0,"No",1,1,0,0,1,0,1,1,0,0,0,0,"Bergahorn, Esche",6,5
"121",143,"Germany",2023-03-25,2023-03-25,449,1,"No",0,0,0,0,0,0,1,0,0,"No",1,0,0,0,0,0,0,0,0,0,0,0,NA,1,1
"122",NA,NA,2023-03-31,2023-03-31,455,0,"No",0,0,0,0,0,0,0,0,0,"No",1,1,0,0,0,0,0,0,0,0,0,0,NA,0,2
"123",145,"Germany",2023-04-06,2023-04-06,461,1,"No",0,0,0,0,0,0,1,0,0,"No",0,0,0,0,0,0,0,0,0,0,0,0,NA,1,0
"124",146,"France",2023-04-06,2023-04-06,461,1,"N/A",NA,NA,NA,NA,NA,NA,NA,NA,NA,"Yes",NA,NA,NA,NA,NA,NA,NA,NA,NA,NA,NA,NA,NA,0,0
"125",NA,NA,2023-04-07,2023-04-07,462,0,"N/A",NA,NA,NA,NA,NA,NA,NA,NA,NA,"N/A",NA,NA,NA,NA,NA,NA,NA,NA,NA,NA,NA,NA,NA,0,0
"126",148,"Germany",2023-04-13,2023-04-15,470,1,"No",0,1,1,0,0,0,1,1,0,"No",0,1,0,0,1,0,0,1,0,0,0,0,NA,4,3
"127",149,"Czech Republic",2023-04-21,2023-04-24,479,1,"No",1,1,1,0,0,0,1,1,0,"No",0,1,0,0,1,0,1,0,0,0,1,1,NA,5,5
"128",NA,NA,2023-04-24,2023-09-22,630,0,"No",0,0,0,0,0,0,0,0,0,"No",0,0,0,0,1,0,0,1,0,0,0,0,NA,0,2
"129",151,"Croatia",2023-04-28,2023-04-28,483,1,"No",1,0,0,0,0,0,0,0,0,"No",0,0,0,0,1,0,0,0,0,0,0,0,NA,1,1
"130",152,"France",2023-04-30,2023-05-01,486,1,"No",0,0,0,0,0,1,0,0,0,"No",0,0,0,0,0,0,0,0,0,0,0,0,"cedre",1,0
"131",153,"Spain",2023-05-08,2023-05-08,493,1,"No",0,0,0,0,0,0,0,0,0,"No",0,0,0,0,0,0,0,0,0,0,0,0,"Quercus ilex",0,0
"132",154,"Spain",2023-05-12,2023-05-12,497,1,"Yes",0,0,0,0,0,1,1,0,0,"Yes",0,0,0,0,0,0,1,0,0,0,0,0,NA,2,1
"133",155,"Spain",2023-05-12,2023-05-12,497,1,"No",0,0,0,0,0,1,1,0,0,"No",0,0,0,0,0,0,0,0,0,0,0,0,"(Fraxinus ornus , quercua ilex,  crataegus, `pinaster, ",2,0
"134",156,"Spain",2023-05-21,2023-05-21,506,1,"Yes",0,0,0,0,0,1,1,0,0,"No",0,0,0,0,0,0,1,0,0,0,0,0,"Aver opalus, sorbus domestica, sorbus aria",2,1
"135",157,"Serbia",2023-05-23,2023-05-25,510,1,"No",1,0,1,0,0,1,1,0,0,"No",0,0,0,0,1,1,1,1,1,0,0,1,NA,4,6
"136",158,"Spain",2023-05-24,2023-05-24,509,1,"No",0,0,0,0,0,0,0,1,0,"No",0,0,0,1,1,0,1,0,0,0,0,0,"Quercus ilex",1,3
"137",NA,NA,2023-06-01,2023-06-01,517,0,"No",1,0,1,0,0,0,0,0,0,"No",0,0,0,0,1,0,0,0,0,0,0,0,NA,2,1
"138",160,"Portugal",2023-06-14,2023-06-14,530,1,"Yes",0,0,0,0,0,1,0,0,0,"Yes",0,0,1,1,0,0,1,0,0,0,0,0,NA,1,3
"139",161,"Germany",2023-06-18,2023-06-18,534,1,"Yes",0,0,0,0,0,0,1,0,1,"Yes",1,0,0,0,1,0,0,1,0,0,0,0,"Bergahorn",2,3
"140",NA,NA,2023-06-19,2023-06-19,535,0,"No",1,1,1,0,0,0,0,0,0,"No",0,0,0,0,1,0,0,0,0,0,0,0,NA,3,1
"141",163,"Hungary",2023-06-22,2023-06-22,538,1,"No",0,0,0,0,0,0,0,0,0,"No",0,1,0,0,1,0,0,0,1,0,0,1,"vadcseresznye (Prunus avium)",0,4
"142",NA,NA,2023-06-22,2023-06-22,538,0,"N/A",NA,NA,NA,NA,NA,NA,NA,NA,NA,"N/A",NA,NA,NA,NA,NA,NA,NA,NA,NA,NA,NA,NA,NA,0,0
"143",NA,NA,2023-06-25,2023-06-25,541,0,"N/A",NA,NA,NA,NA,NA,NA,NA,NA,NA,"N/A",NA,NA,NA,NA,NA,NA,NA,NA,NA,NA,NA,NA,NA,0,0
"144",NA,NA,2023-06-30,2023-06-30,546,0,"N/A",NA,NA,NA,NA,NA,NA,NA,NA,NA,"N/A",NA,NA,NA,NA,NA,NA,NA,NA,NA,NA,NA,NA,NA,0,0
"145",168,"Germany",2023-07-04,2023-07-04,550,1,"No",0,0,0,0,0,0,0,0,0,"Yes",0,0,0,0,1,0,0,0,0,0,0,0,NA,0,1
"146",169,"Croatia",2023-07-05,2023-07-05,551,1,"No",0,0,0,0,0,0,0,0,0,"Yes",0,0,0,0,1,0,0,0,0,0,0,0,NA,0,1
"147",170,"Denmark",2023-07-05,2023-07-05,551,1,"No",0,0,0,0,0,0,0,0,0,"Yes",0,0,0,0,1,0,1,1,0,0,0,0,NA,0,3
"148",171,"Croatia",2023-07-06,2023-07-06,552,1,"No",0,0,0,0,0,0,0,0,0,"No",0,0,0,0,1,0,0,0,0,0,0,0,NA,0,1
"149",NA,NA,2023-07-13,2023-08-24,601,0,"Yes",0,0,1,0,0,0,1,0,0,"No",0,0,0,0,0,0,0,0,0,0,0,0,NA,2,0
"150",173,"Poland",2023-07-17,2023-07-17,563,1,"No",0,1,1,0,0,0,1,0,0,"No",1,1,1,0,1,1,0,1,0,0,0,0,NA,3,6
"151",NA,NA,2023-07-24,2023-07-24,570,0,"N/A",NA,NA,NA,NA,NA,NA,NA,NA,NA,"N/A",NA,NA,NA,NA,NA,NA,NA,NA,NA,NA,NA,NA,NA,0,0
"152",176,"France",2023-07-25,2023-07-25,571,1,"Yes",0,0,1,0,0,0,0,0,0,"Yes",0,0,0,0,1,0,0,0,0,0,0,0,"érable sycomore",1,1
"153",177,"Germany",2023-07-25,2023-07-25,571,1,"Yes",0,0,0,0,0,0,1,0,0,"No",0,0,0,0,1,0,0,0,0,0,0,0,NA,1,1
"154",178,"France",2023-07-28,2023-07-28,574,1,"No",0,1,0,0,0,0,1,0,0,"No",0,0,0,0,0,0,0,0,0,0,0,0,NA,2,0
"155",179,"France",2023-07-31,2023-07-31,577,1,"Yes",0,0,0,0,0,0,1,0,0,"Yes",0,0,0,0,0,0,0,0,0,1,0,0,"Quercus alba",1,1
"156",180,"France",2023-08-03,2023-08-03,580,1,"No",1,1,1,0,0,0,0,1,0,"No",1,0,1,0,1,0,0,0,0,0,0,0,NA,4,3
"157",181,"Northern Ireland",2023-08-17,2023-08-17,594,1,"No",0,0,0,0,0,0,0,0,0,"No",1,0,1,0,0,0,1,0,0,0,0,0,"European Ash : Fraxinus excelsior /  Hawthorn : Crataegus monogyna / European Hazel :  Corylus avellana",0,3
"158",NA,NA,2023-08-23,2023-08-23,600,0,"N/A",NA,NA,NA,NA,NA,NA,NA,NA,NA,"N/A",NA,NA,NA,NA,NA,NA,NA,NA,NA,NA,NA,NA,NA,0,0
"159",183,"France",2023-08-25,2023-08-25,602,1,"No",1,0,0,0,0,0,1,0,0,"No",1,0,0,1,0,0,1,0,0,1,0,0,NA,2,4
"160",184,"Switzerland",2023-08-27,2023-08-27,604,1,"Yes",0,0,0,0,0,0,0,0,0,"No",0,0,0,0,0,0,0,0,0,0,0,0,NA,0,0
"161",186,"Switzerland",2023-08-31,2023-08-31,608,1,"No",1,1,1,0,0,1,1,1,0,"No",1,1,0,0,1,0,1,1,0,1,0,0,"Die meisten Sorten wurden vor 2-3 Jahren gepflanzt. ",6,6
"162",187,"France",2023-09-02,2023-09-02,610,1,"No",0,0,0,0,0,0,0,0,0,"No",0,0,1,1,1,0,1,0,0,0,0,0,NA,0,4
"163",188,"France",2023-09-08,2023-09-08,616,1,"No",0,0,1,0,0,0,0,1,0,"No",0,0,0,1,0,0,0,1,0,0,0,0,"Merisier, charme, érable plane et sycomore, frêne",2,2
"164",190,"Italy",2023-09-10,2023-09-10,618,1,"No",0,0,0,0,0,0,0,0,0,"No",0,0,0,0,1,1,1,1,1,1,0,1,"Quercus ilex, Populus alba, Pinus pinaster, Acer monspessulanum, Prunus sp., Crataegus laevigata, Sambucus sp.",0,7
"165",NA,NA,2023-09-12,2023-09-12,620,0,"N/A",NA,NA,NA,NA,NA,NA,NA,NA,NA,"N/A",NA,NA,NA,NA,NA,NA,NA,NA,NA,NA,NA,NA,NA,0,0
"166",192,"Ireland",2023-09-12,2023-09-12,620,1,"No",0,0,0,0,0,0,1,0,1,"No",1,0,0,1,1,0,1,0,0,0,1,0,NA,2,5
"167",NA,NA,2023-09-12,2023-09-12,620,0,"N/A",NA,NA,NA,NA,NA,NA,NA,NA,NA,"N/A",NA,NA,NA,NA,NA,NA,NA,NA,NA,NA,NA,NA,NA,0,0
"168",194,"Slovenia",2023-09-12,2023-09-14,622,1,"No",0,0,1,0,0,0,1,0,0,"No",0,1,0,1,0,0,1,0,0,1,0,0,NA,2,4
"169",195,"France",2023-09-18,2023-09-18,626,1,"No",0,0,0,0,0,1,1,1,0,"No",0,1,0,0,1,0,0,1,0,1,0,0,NA,3,4
"170",196,"Hungary",2023-09-18,2023-09-18,626,1,"No",0,0,1,0,0,0,1,0,0,"No",1,1,0,0,1,0,1,1,1,1,0,0,NA,2,7
"171",197,"Slovenia",2023-09-19,2023-09-19,627,1,"Yes",0,0,1,0,0,0,0,0,0,"No",0,0,0,0,1,0,0,0,0,0,0,1,"gorski javor",1,2
"172",198,"Slovenia",2023-09-19,2023-09-19,627,1,"No",0,1,1,0,0,0,0,0,0,"No",0,0,0,0,1,0,0,0,0,0,0,0,NA,2,1
"173",199,"Switzerland",2023-09-19,2023-09-19,627,1,"Yes",0,0,1,0,0,0,0,0,0,"Yes",0,0,0,0,0,0,0,0,0,0,0,0,"Prunus avium, Fraxinus excelsior, ....",1,0
"174",200,"Slovenia",2023-09-20,2023-09-20,628,1,"Yes",1,1,1,0,0,0,0,0,0,"Yes",0,0,0,1,1,0,0,0,0,0,0,0,"jevša",3,2
"175",NA,NA,2023-09-21,2023-09-21,629,0,"No",0,0,0,0,0,0,0,0,0,"No",0,0,0,0,0,0,0,0,0,0,0,0,"Chênes Liège et pin pignon et pin maritime",0,0
"176",NA,NA,2023-09-25,2023-09-25,633,0,"N/A",NA,NA,NA,NA,NA,NA,NA,NA,NA,"N/A",NA,NA,NA,NA,NA,NA,NA,NA,NA,NA,NA,NA,NA,0,0
"177",203,"Slovenia",2023-09-25,2023-09-25,633,1,"Yes",1,0,1,0,0,0,0,0,0,"No",0,0,0,0,1,0,0,0,0,0,0,0,"Sorbus aucuparia",2,1
"178",204,"Hungary",2023-09-25,2023-09-25,633,1,"No",0,0,0,0,0,0,0,0,0,"No",0,0,0,0,1,0,0,0,0,0,0,0,NA,0,1
"179",205,"Hungary",2023-09-25,2023-09-25,633,1,"No",0,0,0,0,0,0,0,0,0,"No",0,0,0,0,1,0,0,0,0,0,0,0,NA,0,1
"180",206,"Slovenia",2023-09-27,2023-09-27,635,1,"Yes",1,0,1,0,0,0,0,0,0,"Yes",0,0,0,0,1,0,0,0,0,0,0,0,NA,2,1
"181",207,"France",2023-09-28,2023-09-28,636,1,"No",0,0,0,0,0,1,1,0,0,"No",0,1,0,0,1,0,1,0,0,0,0,0,NA,2,3
"182",208,"Slovenia",2023-09-28,2023-09-28,636,1,"No",0,0,1,0,0,0,0,0,0,"Yes",0,1,0,0,1,0,0,1,0,0,0,0,NA,1,3
"183",209,"Hungary",2023-09-29,2023-10-03,641,1,"No",1,0,0,0,0,0,0,0,0,"No",0,1,0,0,1,0,0,1,1,0,0,0,NA,1,4
"184",210,"France",2023-09-30,2023-09-30,638,1,"Yes",1,1,1,0,0,0,1,1,0,"Yes",1,0,1,0,1,0,0,0,0,0,0,0,"Sorbier des oiseleurs, Alisier blanc",5,3
"185",211,"Italy",2023-10-02,2023-10-02,640,1,"No",0,0,0,0,0,0,0,0,0,"No",0,1,1,1,0,0,0,0,0,0,0,0,"leccio, querce,frassini",0,3
"186",212,"Slovenia",2023-10-02,2023-10-02,640,1,"Yes",1,0,1,0,0,0,0,0,0,"No",0,0,0,0,1,0,0,1,0,0,0,0,NA,2,2
"187",213,"Italy",2023-10-03,2023-10-03,641,1,"No",0,0,0,0,0,0,0,0,0,"Yes",0,0,0,0,1,0,0,0,0,0,0,0,NA,0,1
"188",214,"Italy",2023-10-05,2023-10-05,643,1,"No",0,0,0,0,0,0,0,0,0,"No",0,1,1,1,0,0,0,0,1,0,0,0,NA,0,4
"189",NA,NA,2023-10-06,2023-10-06,644,0,"N/A",NA,NA,NA,NA,NA,NA,NA,NA,NA,"N/A",NA,NA,NA,NA,NA,NA,NA,NA,NA,NA,NA,NA,NA,0,0
"190",NA,NA,2023-10-06,2023-10-06,644,0,"No",1,1,1,0,0,0,0,0,0,"No",0,0,0,0,1,0,0,0,0,0,0,0,"Sorbus sp.",3,1
"191",217,"Germany",2023-10-08,2023-10-08,646,1,"No",0,1,0,0,0,0,1,1,0,"No",0,1,0,0,1,0,1,1,0,0,1,0,NA,3,5
"192",218,"Slovenia",2023-10-09,2023-10-09,647,1,"No",1,0,1,0,0,0,0,0,0,"No",0,0,0,0,1,0,0,0,0,0,0,0,NA,2,1
"193",NA,NA,2023-10-09,2023-10-09,647,0,"N/A",NA,NA,NA,NA,NA,NA,NA,NA,NA,"N/A",NA,NA,NA,NA,NA,NA,NA,NA,NA,NA,NA,NA,NA,0,0
"194",NA,NA,2023-10-09,2023-10-09,647,0,"N/A",NA,NA,NA,NA,NA,NA,NA,NA,NA,"N/A",NA,NA,NA,NA,NA,NA,NA,NA,NA,NA,NA,NA,NA,0,0
"195",NA,NA,2023-10-10,2023-10-10,648,0,"N/A",NA,NA,NA,NA,NA,NA,NA,NA,NA,"N/A",NA,NA,NA,NA,NA,NA,NA,NA,NA,NA,NA,NA,NA,0,0
"196",222,"Slovenia",2023-10-10,2023-10-10,648,1,"No",0,0,1,0,0,0,0,0,0,"No",0,1,0,0,0,0,0,1,0,0,0,0,NA,1,2
"197",223,"Slovenia",2023-10-10,2023-10-10,648,1,"No",0,0,1,0,0,0,0,0,0,"No",0,0,0,0,1,0,0,0,0,0,0,0,NA,1,1
"198",NA,NA,2023-10-10,2023-10-10,648,0,"N/A",NA,NA,NA,NA,NA,NA,NA,NA,NA,"N/A",NA,NA,NA,NA,NA,NA,NA,NA,NA,NA,NA,NA,NA,0,0
"199",NA,NA,2023-10-11,2023-10-11,649,0,"N/A",NA,NA,NA,NA,NA,NA,NA,NA,NA,"N/A",NA,NA,NA,NA,NA,NA,NA,NA,NA,NA,NA,NA,NA,0,0
"200",226,"Switzerland",2023-10-12,2023-10-12,650,1,"No",1,0,1,0,0,0,0,1,0,"No",0,0,0,0,1,0,1,0,0,0,0,0,NA,3,2
"201",227,"Switzerland",2023-10-12,2023-10-12,650,1,"No",1,1,1,0,0,0,1,1,1,"Yes",1,1,1,0,1,1,0,1,0,1,1,1,"Ahorn (Acer pseudoplatanus)",6,9
"202",228,"Switzerland",2023-10-13,2023-10-13,651,1,"Yes",1,0,0,0,0,0,0,0,0,"No",0,0,0,0,0,0,0,0,0,0,0,0,NA,1,0
"203",229,"Slovenia",2023-10-16,2023-10-16,654,1,"No",1,0,1,0,0,0,0,0,0,"No",0,0,0,0,0,0,0,0,0,0,0,0,NA,2,0
"204",230,"Slovenia",2023-10-16,2023-10-16,654,1,"No",0,1,1,0,0,0,1,0,0,"No",0,0,0,1,1,0,0,0,0,0,0,0,NA,3,2
"205",NA,"Hungary",2023-10-18,2023-10-24,662,0,"No",0,0,0,0,0,0,0,0,0,"No",0,1,0,0,1,0,0,0,0,0,0,0,NA,0,2
"206",233,"Italy",2023-10-22,2023-10-22,660,1,"No",0,0,0,0,0,0,0,0,0,"No",0,0,0,0,0,0,0,0,1,0,0,0,"Quercus ilex, Quercus pubescens, Phillyrea latifolia",0,1
"207",NA,"Italy",2023-10-23,2023-10-23,661,0,"Yes",0,0,0,0,0,1,0,0,0,"Yes",0,0,0,1,1,0,0,0,1,0,0,0,NA,1,3
"208",235,"Poland",2023-10-23,2023-10-23,661,1,"No",1,0,1,0,0,0,1,0,0,"No",0,1,0,0,1,0,1,0,0,0,1,1,NA,3,5
"209",236,"Bulgaria",2023-10-23,2023-10-24,662,1,"Yes",1,0,1,0,0,0,1,0,0,"No",1,0,0,0,0,0,0,1,0,0,0,0,"Tilia tomentosa",3,2
"210",237,"Italy",2023-10-23,2023-11-26,695,1,"No",0,0,0,0,0,0,0,0,0,"No",0,0,0,0,0,0,0,0,0,0,0,0,"Corbezzolo, Pino collinare , Quercia, Leccio",0,0
"211",NA,NA,2023-10-24,2023-10-24,662,0,"N/A",NA,NA,NA,NA,NA,NA,NA,NA,NA,"N/A",NA,NA,NA,NA,NA,NA,NA,NA,NA,NA,NA,NA,NA,0,0
"212",239,"Hungary",2023-10-24,2023-10-24,662,1,"No",0,0,0,0,0,0,0,0,0,"No",0,0,0,0,0,0,0,1,0,0,0,0,NA,0,1
"213",240,"Hungary",2023-10-24,2023-10-24,662,1,"No",0,0,0,0,0,0,0,0,0,"No",0,0,0,0,1,0,0,0,0,0,0,0,NA,0,1
"214",241,"Italy",2023-10-24,2023-10-24,662,1,"Yes",0,1,1,0,0,0,0,0,0,"No",0,0,0,0,0,0,0,0,0,0,0,0,NA,2,0
"215",242,"Slovenia",2023-10-24,2023-10-24,662,1,"Yes",0,0,1,0,0,0,0,0,0,"No",0,0,0,0,1,0,0,0,0,0,0,0,NA,1,1
"216",243,"Hungary",2023-10-25,2023-10-25,663,1,"No",0,0,0,0,0,0,0,0,0,"No",0,0,0,0,1,0,0,0,0,0,0,0,NA,0,1
"217",244,"Hungary",2023-10-25,2023-10-25,663,1,"No",0,0,0,0,0,0,0,0,0,"No",0,1,0,0,1,0,0,1,0,0,0,0,NA,0,3
"218",245,"Hungary",2023-10-25,2023-10-25,663,1,"No",0,0,0,0,0,0,0,0,0,"No",0,0,0,0,1,0,0,0,0,0,0,0,NA,0,1
"219",246,"Hungary",2023-10-25,2023-10-25,663,1,"No",0,0,0,0,0,0,0,0,0,"No",0,0,0,0,1,0,0,0,0,0,0,0,NA,0,1
"220",247,"Hungary",2023-10-25,2023-10-25,663,1,"No",0,0,0,0,0,0,0,0,0,"No",0,0,0,0,1,0,0,0,0,0,0,0,NA,0,1
"221",248,"Hungary",2023-10-25,2023-10-25,663,1,"Yes",0,0,1,0,0,0,0,0,0,"Yes",0,1,0,0,1,0,0,0,0,0,0,0,"magas kőris,mezei juhar, madárcseresznye",1,2
"222",249,"Switzerland",2023-10-26,2023-10-26,664,1,"No",1,1,1,0,0,0,0,0,0,"No",0,0,0,0,1,0,0,0,0,0,0,0,NA,3,1
"223",250,"Hungary",2023-10-26,2023-10-26,664,1,"No",0,0,0,0,0,0,0,0,0,"No",0,0,0,0,1,0,0,0,0,0,0,0,NA,0,1
"224",251,"Hungary",2023-10-26,2023-10-26,664,1,"No",1,1,1,0,0,0,0,1,0,"No",0,1,0,0,1,0,0,1,0,0,0,0,NA,4,3
"225",252,"Hungary",2023-10-26,2023-10-26,664,1,"No",0,0,0,0,0,0,0,0,0,"Yes",0,0,0,0,1,0,0,0,0,0,0,0,NA,0,1
"226",253,"Hungary",2023-10-26,2023-10-26,664,1,"No",0,0,0,0,0,0,0,0,0,"Yes",0,1,0,0,1,0,0,0,0,0,0,0,NA,0,2
"227",254,"Belgium",2023-10-26,2023-10-26,664,1,"No",0,1,0,0,0,0,0,1,0,"No",1,1,0,0,0,0,1,0,0,0,0,0,"sorbier",2,3
"228",255,"Slovakia",2023-10-27,2023-10-27,665,1,"No",0,0,0,0,0,0,0,0,0,"No",0,1,0,0,0,0,1,1,0,0,0,0,NA,0,3
"229",256,"Belgium",2023-10-28,2023-10-28,666,1,"No",0,1,0,0,0,0,0,0,0,"No",0,0,0,0,0,0,0,0,0,0,0,0,NA,1,0
"230",257,"Italy",2023-10-29,2023-10-29,667,1,"No",0,0,0,0,0,0,0,0,0,"No",0,0,0,0,0,0,1,0,0,1,0,1,NA,0,3
"231",258,"Bulgaria",2023-10-30,2023-10-30,668,1,"No",1,0,1,0,0,0,1,0,0,"No",0,0,0,0,1,0,0,0,0,0,0,0,NA,3,1
"232",259,"Switzerland",2023-10-30,2023-10-31,669,1,"No",1,0,1,0,0,0,0,0,1,"No",0,0,0,0,1,0,1,0,0,0,0,0,"Bergahorn",3,2
"233",NA,NA,2023-10-30,2023-10-30,668,0,"N/A",NA,NA,NA,NA,NA,NA,NA,NA,NA,"N/A",NA,NA,NA,NA,NA,NA,NA,NA,NA,NA,NA,NA,NA,0,0
"234",262,"Switzerland",2023-10-30,2023-10-30,668,1,"No",1,0,1,0,0,0,0,0,0,"No",0,0,0,0,1,0,0,0,0,0,0,0,"Ahorn",2,1
"235",263,"Romania",2023-10-30,2023-10-30,668,1,"No",0,0,0,0,0,0,0,0,0,"No",0,0,0,0,1,0,1,1,0,0,0,0,NA,0,3
"236",264,"Switzerland",2023-10-30,2023-10-30,668,1,"Yes",1,0,1,0,0,0,0,0,1,"No",1,0,0,0,1,0,1,0,0,0,0,1,"Ahorn",3,4
"237",NA,NA,2023-10-31,2023-10-31,669,0,"N/A",NA,NA,NA,NA,NA,NA,NA,NA,NA,"N/A",NA,NA,NA,NA,NA,NA,NA,NA,NA,NA,NA,NA,NA,0,0
"238",266,"Slovenia",2023-10-31,2023-10-31,669,1,"Yes",0,0,1,0,0,0,0,0,0,"Yes",0,0,0,0,1,0,0,0,0,0,0,0,NA,1,1
"239",267,"Spain",2023-11-02,2023-11-02,671,1,"No",1,0,0,0,0,0,1,0,0,"No",0,0,0,0,1,0,0,0,0,0,0,0,"Fraxinus angustifolia",2,1
"240",268,"Slovenia",2023-11-02,2023-11-02,671,1,"No",0,0,1,0,0,0,0,0,0,"No",0,0,0,0,1,0,0,0,0,0,0,0,NA,1,1
"241",269,"Italy",2023-11-02,2023-11-02,671,1,"Yes",1,0,1,0,0,0,0,0,0,"No",0,0,0,0,1,0,0,0,0,0,0,0,NA,2,1
"242",271,"Italy",2023-11-05,2023-11-06,675,1,"No",0,0,0,0,0,0,0,0,0,"No",0,0,1,1,0,0,0,1,0,1,0,1,"Sambuco, ciliegio selvatico",0,5
"243",272,"Belgium",2023-11-06,2023-11-27,696,1,"No",0,0,0,0,0,0,0,0,0,"No",0,0,0,0,1,0,0,0,0,0,0,0,NA,0,1
"244",274,"Italy",2023-11-07,2023-11-07,676,1,"No",0,0,0,0,0,0,0,0,0,"No",0,0,0,0,0,0,0,0,0,0,0,0,"Querce",0,0
"245",275,"Belgium",2023-11-07,2023-11-23,692,1,"No",0,0,0,0,0,0,0,0,0,"No",0,1,0,0,0,0,1,0,0,0,0,0,NA,0,2
"246",276,"Romania",2023-11-08,2023-11-08,677,1,"No",1,0,1,0,0,0,0,0,0,"No",0,0,0,0,1,0,0,0,0,0,0,0,NA,2,1
"247",277,"France",2023-11-09,2023-11-09,678,1,"No",1,0,1,0,0,0,0,0,0,"No",0,0,0,0,1,0,0,0,0,0,0,0,NA,2,1
"248",278,"Switzerland",2023-11-10,2023-11-10,679,1,"Yes",1,0,1,0,0,0,0,0,0,"No",0,0,0,0,1,0,0,0,0,0,1,0,NA,2,2
"249",279,"Switzerland",2023-11-10,2023-11-10,679,1,"No",1,0,1,0,0,0,1,0,0,"No",0,0,0,0,1,0,0,0,0,0,0,0,NA,3,1
"250",NA,NA,2023-11-10,2023-11-10,679,0,"N/A",NA,NA,NA,NA,NA,NA,NA,NA,NA,"N/A",NA,NA,NA,NA,NA,NA,NA,NA,NA,NA,NA,NA,NA,0,0
"251",281,"Italy",2023-11-10,2023-11-10,679,1,"No",0,1,1,0,0,0,0,0,0,"No",0,0,0,0,0,0,0,0,0,0,0,0,NA,2,0
"252",282,"Italy",2023-11-12,2023-11-12,681,1,"No",0,0,0,0,0,0,0,0,0,"No",0,0,0,1,0,0,0,0,0,1,1,0,NA,0,3
"253",283,"Switzerland",2023-11-13,2023-11-16,685,1,"No",1,0,1,0,0,0,0,0,0,"No",0,0,0,0,1,0,0,0,0,0,0,0,NA,2,1
"254",284,"Switzerland",2023-11-13,2023-11-22,691,1,"Yes",1,0,1,0,0,0,0,0,0,"Yes",0,0,0,0,1,0,0,0,0,0,0,0,NA,2,1
"255",NA,NA,2023-11-13,2023-11-13,682,0,"N/A",NA,NA,NA,NA,NA,NA,NA,NA,NA,"N/A",NA,NA,NA,NA,NA,NA,NA,NA,NA,NA,NA,NA,NA,0,0
"256",286,"Switzerland",2023-11-14,2023-11-14,683,1,"Yes",1,0,1,0,0,0,0,0,0,"Yes",0,0,0,0,1,0,0,0,0,0,0,0,"Bergahorn",2,1
"257",287,"Germany",2023-11-14,2023-11-14,683,1,"No",0,0,0,0,0,0,0,1,0,"Yes",0,0,0,0,1,0,1,0,0,0,0,0,"Roteiche",1,2
"258",288,"Switzerland",2023-11-14,2023-11-14,683,1,"Yes",0,0,1,0,0,0,0,0,0,"Yes",0,0,0,0,1,0,0,0,0,0,0,0,"Bergahorn",1,1
"259",289,"Switzerland",2023-11-14,2023-11-14,683,1,"Yes",1,0,1,0,0,0,0,0,0,"Yes",0,0,0,0,1,0,0,0,0,0,0,0,NA,2,1
"260",290,"Switzerland",2023-11-14,2023-11-14,683,1,"Yes",0,0,0,0,0,0,0,0,0,"Yes",0,0,0,0,0,0,0,0,0,0,0,0,NA,0,0
"261",291,"Switzerland",2023-11-14,2023-11-14,683,1,"Yes",0,0,1,0,0,0,0,0,0,"Yes",0,0,0,0,1,0,0,1,0,0,0,0,NA,1,2
"262",292,"Switzerland",2023-11-14,2023-11-14,683,1,"Yes",1,NA,NA,NA,NA,NA,NA,NA,NA,"Yes",NA,NA,NA,NA,1,NA,NA,NA,NA,NA,NA,NA,NA,1,1
"263",293,"Switzerland",2023-11-15,2023-11-15,684,1,"Yes",1,1,1,0,0,0,0,0,0,"No",0,0,0,0,0,0,0,0,0,0,0,0,NA,3,0
"264",294,"Switzerland",2023-11-15,2023-11-15,684,1,"No",1,0,1,0,0,0,0,0,0,"No",0,0,0,0,1,0,0,0,0,0,0,0,"Erable",2,1
"265",295,"Slovenia",2023-11-15,2023-11-22,691,1,"No",1,0,0,0,0,0,0,0,0,"No",0,0,0,0,1,0,0,0,0,0,0,0,NA,1,1
"266",296,"Switzerland",2023-11-15,2023-11-16,685,1,"Yes",1,0,1,0,0,0,1,1,0,"Yes",1,0,1,1,1,0,1,0,0,0,0,0,NA,4,5
"267",297,"Switzerland",2023-11-16,2023-11-16,685,1,"No",1,1,1,0,0,0,1,1,0,"No",1,1,0,0,1,0,1,1,0,0,0,1,NA,5,6
"268",298,"Slovenia",2023-11-16,2023-11-16,685,1,"No",1,0,1,0,0,0,0,0,0,"No",0,0,0,0,1,0,0,0,0,0,0,0,NA,2,1
"269",299,"Switzerland",2023-11-16,2023-11-16,685,1,"No",1,0,1,0,0,0,0,0,0,"No",0,0,0,0,1,0,0,0,0,0,0,0,"Eschen ",2,1
"270",300,"Slovenia",2023-11-16,2023-11-16,685,1,"No",1,0,1,0,0,0,0,0,0,"No",0,0,0,0,1,0,0,0,0,0,0,0,"gorski javor",2,1
"271",301,"Switzerland",2023-11-17,2023-11-17,686,1,"Yes",1,0,1,0,0,0,0,0,0,"No",0,0,0,0,0,0,0,0,0,0,0,0,NA,2,0
"272",NA,NA,2023-11-19,2023-11-19,688,0,"N/A",NA,NA,NA,NA,NA,NA,NA,NA,NA,"N/A",NA,NA,NA,NA,NA,NA,NA,NA,NA,NA,NA,NA,NA,0,0
"273",303,"Romania",2023-11-19,2023-11-19,688,1,"N/A",NA,NA,1,NA,NA,NA,1,NA,NA,"N/A",NA,NA,NA,NA,NA,NA,1,1,NA,1,NA,NA,NA,2,3
"274",304,"France",2023-11-19,2023-11-19,688,1,"No",0,0,0,0,0,0,0,0,0,"No",0,0,0,0,0,0,0,0,0,0,0,0,"Chêne vert, pin, genevrier",0,0
"275",305,"Switzerland",2023-11-20,2023-11-20,689,1,"No",1,1,1,0,0,0,1,0,0,"Yes",0,0,0,0,1,0,1,1,0,0,0,0,"Eschen",4,3
"276",306,"Switzerland",2023-11-20,2023-11-22,691,1,"N/A",1,1,1,NA,NA,1,1,1,1,"N/A",1,1,1,NA,1,1,1,1,NA,NA,1,1,NA,7,9
"277",307,"Poland",2023-11-21,2023-11-22,691,1,"Yes",0,1,1,0,0,0,1,1,0,"Yes",1,1,1,0,1,0,1,1,0,0,1,0,NA,4,7
"278",308,"Slovenia",2023-11-21,2023-11-21,690,1,"No",1,0,1,0,0,0,0,0,0,"No",0,0,0,0,0,0,0,0,0,0,0,0,NA,2,0
"279",309,"Slovenia",2023-11-21,2023-11-21,690,1,"No",1,0,0,0,0,0,0,0,0,"No",0,0,0,0,1,0,0,0,0,0,0,0,NA,1,1
"280",310,"Switzerland",2023-11-21,2023-11-21,690,1,"No",0,0,0,0,0,0,0,0,0,"No",0,0,0,0,1,0,0,0,0,0,0,0,NA,0,1
"281",311,"Poland",2023-11-22,2023-11-22,691,1,"No",0,0,0,0,0,0,1,0,0,"No",1,0,1,0,0,0,1,1,0,0,0,0,NA,1,4
"282",312,"Slovenia",2023-11-22,2023-11-22,691,1,"No",1,0,1,0,0,0,0,0,0,"No",0,0,0,0,1,0,0,0,0,0,0,0,NA,2,1
"283",313,"Slovenia",2023-11-22,2023-11-22,691,1,"Yes",0,0,1,0,0,0,0,0,0,"Yes",0,0,0,0,1,0,0,1,0,0,0,0,NA,1,2
"284",314,"Slovenia",2023-11-22,2023-11-22,691,1,"No",0,0,1,0,0,0,0,0,0,"No",0,0,0,0,1,0,0,0,0,0,0,0,NA,1,1
"285",315,"Hungary",2023-11-23,2023-11-23,692,1,"No",0,0,0,0,0,0,0,0,0,"No",0,0,0,0,0,0,0,1,1,0,0,0,NA,0,2
"286",316,"Hungary",2023-11-23,2023-11-23,692,1,"No",0,0,0,0,0,0,0,0,0,"No",0,1,0,0,1,0,1,0,1,0,0,0,"Magas kőris",0,4
"287",318,"Switzerland",2023-11-24,2023-11-27,696,1,"No",1,0,1,0,0,0,1,0,0,"No",1,0,1,0,1,0,1,0,0,0,0,0,"Vogelbeere, Salweide, Zitterpappel",3,4
"288",319,"Switzerland",2023-11-26,2023-11-27,696,1,"Yes",1,1,1,0,0,0,0,0,0,"No",1,0,1,1,1,0,1,1,0,0,0,0,NA,3,6
"289",320,"Switzerland",2023-11-28,2023-11-28,697,1,"Yes",1,0,1,0,0,0,0,0,0,"Yes",0,0,0,0,1,0,0,0,0,0,0,0,NA,2,1
"290",321,"Italy",2023-11-28,2023-11-28,697,1,"Yes",0,0,0,0,0,1,0,0,0,"Yes",0,1,1,0,0,0,1,1,1,0,0,0,"Acer Campestris, Acer Pseudoplatanus",1,5
"291",322,"Belgium",2023-11-29,2023-11-29,698,1,"No",0,1,0,0,0,0,0,0,0,"No",0,0,1,0,1,0,1,1,0,0,0,1,NA,1,5
"292",NA,"Italy",2023-12-01,2023-12-01,700,0,"No",0,0,0,0,0,0,0,0,0,"No",0,0,0,0,1,0,0,0,0,0,0,0,NA,0,1
"293",324,"Switzerland",2023-12-04,2023-12-04,703,1,"No",1,1,1,0,0,0,0,1,0,"Yes",0,0,0,0,1,0,1,0,0,0,0,0,"Bergahorn, Esche",4,2
"294",325,"Switzerland",2023-12-05,2023-12-05,704,1,"Yes",1,0,1,0,0,0,0,1,0,"Yes",0,0,0,1,1,0,0,0,0,0,0,1,NA,3,3
"295",326,"Switzerland",2023-12-05,2023-12-05,704,1,"No",0,0,1,0,0,0,0,0,0,"No",0,0,0,0,1,0,1,0,0,0,0,0,NA,1,2
"296",327,"France",2023-12-05,2023-12-05,704,1,"No",0,0,0,0,0,0,0,0,0,"No",0,1,0,0,0,0,0,0,0,0,0,0,"Chêne ",0,1
"297",328,"Slovenia",2023-12-06,2023-12-06,705,1,"No",0,0,1,0,0,0,0,0,0,"No",0,0,0,0,1,0,0,1,0,0,0,0,NA,1,2
"298",329,"Slovenia",2023-12-07,2023-12-07,706,1,"No",0,0,1,0,0,0,0,0,0,"No",0,0,0,0,1,0,0,0,0,0,0,0,NA,1,1
"299",NA,NA,2023-12-08,2023-12-08,707,0,"N/A",NA,NA,NA,NA,NA,NA,NA,NA,NA,"N/A",NA,NA,NA,NA,NA,NA,NA,NA,NA,NA,NA,NA,NA,0,0
"300",NA,NA,2023-12-10,2023-12-10,709,0,"No",1,0,0,0,0,0,0,0,0,"No",0,0,0,0,0,0,0,1,1,0,0,0,NA,1,2
"301",332,"France",2023-12-11,2023-12-11,710,1,"No",0,0,0,0,0,0,0,0,1,"No",0,0,0,0,1,0,0,1,0,0,0,0,NA,1,2
"302",333,"Switzerland",2023-12-11,2023-12-15,714,1,"No",1,1,1,0,0,0,1,0,0,"No",0,1,0,0,1,0,1,0,0,0,0,0,"Esche, Bergahorn",4,3
"303",334,"Switzerland",2023-12-11,2023-12-11,710,1,"Yes",1,0,1,0,0,0,0,0,0,"Yes",0,0,0,0,1,0,0,0,0,0,0,0,NA,2,1
"304",NA,NA,2023-12-11,2023-12-11,710,0,"N/A",NA,NA,NA,NA,NA,NA,NA,NA,NA,"N/A",NA,NA,NA,NA,NA,NA,NA,NA,NA,NA,NA,NA,NA,0,0
"305",336,"Italy",2023-12-11,2023-12-11,710,1,"No",0,1,0,0,0,0,0,0,0,"No",0,1,0,1,0,0,0,0,0,1,0,0,NA,1,3
"306",NA,NA,2023-12-11,2023-12-11,710,0,"No",1,0,1,0,0,0,0,0,1,"No",0,0,0,0,1,0,0,0,0,0,0,1,NA,3,2
"307",338,"Italy",2023-12-13,2023-12-13,712,1,"No",0,0,0,0,0,0,0,0,0,"No",0,0,0,0,0,0,0,0,0,0,0,0,"Querce e Leccio",0,0
"308",339,"Switzerland",2023-12-13,2023-12-13,712,1,"No",1,0,1,0,0,0,0,0,1,"No",0,0,0,0,1,0,0,1,0,0,1,0,"Feldahorn",3,3
"309",340,"Switzerland",2023-12-14,2023-12-14,713,1,"Yes",1,0,1,0,0,0,0,0,0,"No",0,0,0,0,1,0,0,0,0,0,0,0,NA,2,1
"310",341,"Switzerland",2023-12-14,2023-12-14,713,1,"Yes",1,0,1,0,0,0,0,0,0,"Yes",0,0,0,0,1,0,0,1,0,0,0,0,"Ahorn",2,2
"311",342,"Switzerland",2023-12-15,2023-12-15,714,1,"No",1,0,1,0,0,0,0,0,0,"Yes",0,0,0,0,1,0,0,0,0,0,0,0,NA,2,1
"312",343,"Switzerland",2023-12-15,2023-12-15,714,1,"Yes",0,0,1,0,0,0,0,0,0,"Yes",0,0,0,0,1,0,0,0,0,0,0,0,"Bergahorn (Acer pseudoplatanus)",1,1
"313",344,"Slovenia",2023-12-15,2023-12-15,714,1,"No",1,0,0,0,0,0,0,0,0,"No",0,0,0,0,1,0,0,0,0,0,0,0,NA,1,1
"314",345,"Slovenia",2023-12-15,2023-12-15,714,1,"No",1,0,1,0,0,0,0,0,0,"No",0,0,0,0,1,0,0,0,0,0,0,0,NA,2,1
"315",NA,NA,2023-12-17,2023-12-17,716,0,"N/A",NA,NA,NA,NA,NA,NA,NA,NA,NA,"N/A",NA,NA,NA,NA,NA,NA,NA,NA,NA,NA,NA,NA,NA,0,0
"316",347,"Germany",2023-12-17,2023-12-17,716,1,"No",0,0,0,0,0,0,1,0,0,"No",1,0,0,0,0,0,0,1,0,0,0,0,NA,1,2
"317",348,"Switzerland",2023-12-18,2023-12-18,717,1,"N/A",1,NA,NA,NA,NA,NA,NA,NA,NA,"N/A",NA,NA,NA,NA,NA,NA,NA,NA,NA,NA,NA,NA,NA,1,0
"318",349,"Switzerland",2023-12-18,2023-12-18,717,1,"No",0,0,1,0,0,0,0,0,0,"No",0,0,0,0,1,0,0,0,0,0,0,0,NA,1,1
"319",350,"Switzerland",2023-12-18,2023-12-18,717,1,"No",1,0,1,0,0,0,0,0,0,"No",0,0,0,0,1,0,0,0,0,0,0,0,"Erable sycomore",2,1
"320",351,"Switzerland",2023-12-18,2023-12-18,717,1,"No",1,0,1,0,0,0,0,0,0,"No",0,0,0,0,1,0,0,0,0,0,0,0,NA,2,1
"321",352,"Germany",2023-12-18,2023-12-18,717,1,"Yes",0,0,1,0,0,0,1,0,0,"Yes",0,0,0,0,0,0,0,0,0,0,0,0,NA,2,0
"322",353,"France",2023-12-20,2023-12-20,719,1,"No",0,0,0,0,0,0,0,0,0,"No",1,0,0,1,0,1,0,0,0,0,0,0,"quercus pubescens",0,3
"323",356,"Belgium",2023-12-27,2023-12-27,726,1,"No",0,1,1,0,0,0,0,0,0,"No",0,1,0,0,1,0,0,1,0,0,0,0,NA,2,3
"324",357,"Switzerland",2023-12-28,2023-12-28,727,1,"Yes",1,0,1,0,0,0,0,0,0,"No",0,0,0,0,1,0,0,0,0,0,0,0,NA,2,1
"325",NA,NA,2023-12-28,2023-12-29,728,0,"No",0,0,0,0,0,0,0,0,0,"No",0,0,0,0,0,0,1,0,0,0,0,0,NA,0,1
"326",359,"Italy",2023-12-29,2023-12-29,728,1,"No",0,0,0,0,0,0,0,0,0,"Yes",0,0,0,0,0,0,0,0,1,0,0,1,"roverella, frassino, leccio, acero",0,2
"327",360,"Germany",2023-12-29,2023-12-29,728,1,"No",0,0,0,0,0,0,0,0,0,"Yes",0,0,0,0,0,0,0,0,0,0,0,0,NA,0,0
"328",361,"Switzerland",2024-01-08,2024-01-08,738,1,"No",1,0,1,0,0,0,0,0,0,"No",0,0,0,0,1,0,0,0,0,0,0,0,NA,2,1
"329",NA,NA,2024-01-08,2024-01-08,738,0,"No",0,0,0,0,0,0,0,1,0,"No",1,0,0,1,1,0,1,0,0,0,0,0,NA,1,4
"330",363,"Romania",2024-01-09,2024-01-09,739,1,"No",1,1,1,1,1,1,1,1,1,"No",1,1,1,1,1,1,1,0,0,0,0,0,NA,9,7
"331",364,"Germany",2024-01-10,2024-01-15,745,1,"Yes",0,0,0,0,0,0,0,0,0,"No",0,0,0,0,0,0,0,0,0,0,0,0,NA,0,0
"332",365,"Italy",2024-01-10,2024-01-10,740,1,"Yes",0,0,0,0,0,0,0,0,0,"No",0,0,0,0,0,0,0,0,0,0,0,0,"quercus ilex, celtis australis",0,0
"333",366,"Romania",2024-01-12,2024-01-12,742,1,"No",0,0,0,0,0,0,0,0,0,"Yes",0,1,0,0,1,0,0,0,0,0,0,0,NA,0,2
"334",367,"Romania",2024-01-14,2024-01-14,744,1,"No",1,0,1,0,0,1,1,0,0,"No",0,0,0,0,1,0,1,1,0,0,0,0,NA,4,3
"335",368,"Switzerland",2024-01-15,2024-01-15,745,1,"No",1,0,1,0,0,0,0,0,0,"No",0,0,0,0,1,0,0,0,0,0,0,0,NA,2,1
"336",369,"Germany",2024-01-15,2024-02-01,762,1,"No",1,0,0,0,0,0,0,0,0,"No",0,0,0,0,0,0,0,0,0,0,0,0,"Vogelkirsche (Prunus avium)",1,0
"337",NA,NA,2024-01-16,2024-01-16,746,0,"N/A",NA,NA,NA,NA,NA,NA,NA,NA,NA,"N/A",NA,NA,NA,NA,NA,NA,NA,NA,NA,NA,NA,NA,NA,0,0
"338",371,"Switzerland",2024-01-17,2024-01-17,747,1,"Yes",1,1,1,0,0,1,1,1,1,"Yes",1,1,1,1,1,1,1,1,0,1,1,1,NA,7,11
"339",372,"Bulgaria",2024-01-19,2024-01-19,749,1,"Yes",0,0,0,0,0,1,1,0,0,"No",0,0,0,0,0,0,0,1,1,0,0,0,NA,2,2
"340",373,"Germany",2024-01-19,2024-01-20,750,1,"Yes",0,0,1,0,0,0,1,0,0,"No",0,0,0,0,0,0,0,0,0,0,0,0,NA,2,0
"341",374,"Germany",2024-01-23,2024-01-23,753,1,"No",0,0,0,0,0,0,0,0,0,"No",1,1,0,0,0,0,1,0,0,0,1,0,NA,0,4
"342",NA,NA,2024-01-25,2024-01-25,755,0,"N/A",NA,NA,NA,NA,NA,NA,NA,NA,NA,"N/A",NA,NA,NA,NA,NA,NA,NA,NA,NA,NA,NA,NA,NA,0,0
"343",NA,"Romania",2024-01-25,2024-01-25,755,1,"No",0,0,1,0,0,1,0,0,0,"No",0,1,0,0,1,0,1,1,0,0,0,0,NA,2,4
"344",NA,NA,2024-01-25,2024-01-25,755,0,"No",0,0,1,0,0,0,1,0,0,"No",1,0,0,0,0,0,0,0,0,0,0,0,NA,2,1
"345",378,"Spain",2024-01-26,2024-01-26,756,1,"Yes",0,0,0,0,0,0,0,0,0,"Yes",0,0,0,0,0,1,0,1,0,0,0,0,"Pinus radiata",0,2
"346",379,"Spain",2024-01-26,2024-01-26,756,1,"No",0,0,0,0,0,0,0,1,1,"No",1,0,1,1,1,1,0,0,0,0,0,0,"Pinus pinea, Chamaecyparis lawsoniana, quercus rubra",2,5
"347",380,"Switzerland",2024-01-26,2024-01-26,756,1,"No",1,0,1,0,0,0,0,0,0,"No",0,0,0,0,1,0,0,0,0,0,0,0,NA,2,1
"348",381,"Spain",2024-01-26,2024-02-05,766,1,"N/A",NA,NA,NA,NA,NA,NA,NA,NA,NA,"N/A",NA,NA,NA,NA,NA,NA,NA,NA,NA,NA,NA,NA,NA,0,0
"349",382,"Spain",2024-01-27,2024-01-27,757,1,"No",0,1,1,0,0,0,0,0,0,"No",0,0,0,1,1,0,1,1,0,0,0,0,"Quercus rubra",2,4
"350",383,"Netherlands",2024-01-27,2024-01-27,757,1,"No",0,0,0,0,0,0,0,0,0,"No",1,0,0,0,1,0,1,0,0,0,0,0,"Corylus, Tsuga, Ilex",0,3
"351",384,"Poland",2024-01-29,2024-01-29,759,1,"No",0,0,0,0,0,0,1,0,0,"No",0,0,0,0,1,0,1,0,0,0,0,0,NA,1,2
"352",385,"Romania",2024-01-29,2024-01-29,759,1,"Yes",0,1,1,0,0,0,1,0,0,"No",1,0,0,0,1,0,1,0,0,0,0,1,NA,3,4
"353",386,"Germany",2024-01-30,2024-01-31,761,1,"Yes",0,0,1,0,0,0,0,0,0,"Yes",0,0,0,0,1,0,0,0,0,0,0,0,NA,1,1
"354",NA,NA,2024-01-31,2024-01-31,761,0,"No",0,0,0,0,0,0,0,0,0,"No",0,1,0,0,0,0,1,0,0,0,0,0,NA,0,2
"355",NA,NA,2024-01-31,2024-01-31,761,0,"N/A",NA,NA,NA,NA,NA,NA,NA,NA,NA,"N/A",NA,NA,NA,NA,NA,NA,NA,NA,NA,NA,NA,NA,NA,0,0
"356",390,"Germany",2024-02-01,2024-02-01,762,1,"Yes",1,0,1,0,0,0,0,0,0,"No",0,0,0,0,0,0,0,0,0,0,0,0,NA,2,0
"357",391,"France",2024-02-04,2024-02-04,765,1,"No",1,0,0,0,0,0,0,1,0,"No",1,1,0,0,1,0,0,1,0,0,0,0,"Erable sycomore",2,4
"358",392,"Spain",2024-02-05,2024-02-05,766,1,"No",0,0,0,0,0,0,0,0,0,"No",0,0,0,1,0,0,1,0,0,0,0,0,NA,0,2
"359",393,"Slovakia",2024-02-05,2024-02-05,766,1,"No",0,0,1,0,0,0,0,0,0,"No",0,0,0,0,1,0,0,0,0,0,0,0,NA,1,1
"360",394,"Spain",2024-02-05,2024-02-05,766,1,"No",0,0,0,0,0,0,0,0,0,"No",0,0,0,0,0,0,0,0,0,0,0,0,"Quercus pyrenaica",0,0
"361",395,"Spain",2024-02-05,2024-02-06,767,1,"No",0,0,0,0,0,0,0,0,0,"No",0,0,0,0,0,0,0,0,0,0,0,0,"Eucaliptus plantation",0,0
"362",396,"Germany",2024-02-08,2024-02-08,769,1,"No",0,0,0,0,0,0,0,0,0,"No",1,1,1,0,0,0,1,0,0,0,0,0,NA,0,4
"363",397,"Germany",2024-02-08,2024-02-08,769,1,"No",0,1,1,0,0,0,0,0,0,"No",0,0,0,0,1,0,1,0,0,0,0,0,NA,2,2
"364",398,"Germany",2024-02-08,2024-02-08,769,1,"No",0,0,0,0,0,0,1,0,0,"No",0,0,0,0,1,0,1,0,0,0,0,0,NA,1,2
"365",399,"Germany",2024-02-08,2024-02-08,769,1,"No",1,1,0,0,0,0,1,0,1,"No",1,1,1,0,1,0,1,0,0,0,1,1,"Eschen, Bergahorn",4,7
"366",400,"Spain",2024-02-12,2024-02-12,773,1,"No",0,0,0,0,0,0,0,0,0,"No",0,0,0,0,0,0,0,0,0,0,0,0,"Es un Jardín Botánico, pero las más frecuentes son mediterráneas o adaptadas a la sequía",0,0
"367",401,"Germany",2024-02-13,2024-02-13,774,1,"No",0,1,1,0,0,0,1,0,0,"No",1,0,0,0,1,0,1,0,0,0,0,0,NA,3,3
"368",402,"Germany",2024-02-14,2024-02-14,775,1,"No",0,0,1,0,0,1,0,1,0,"No",0,0,0,0,1,0,1,0,0,0,0,0,NA,3,2
"369",403,"Switzerland",2024-02-14,2024-02-14,775,1,"No",0,1,1,0,0,0,1,0,0,"No",0,1,0,0,1,0,0,1,0,0,0,0,NA,3,3
"370",404,"Poland",2024-02-14,2024-02-14,775,1,"No",0,0,0,0,0,0,1,0,0,"No",0,0,0,0,1,0,1,0,0,0,0,0,NA,1,2
"371",405,"Germany",2024-02-17,2024-02-17,778,1,"No",0,0,0,0,0,0,0,0,0,"No",0,0,0,0,1,0,0,0,0,0,0,0,NA,0,1
"372",406,"Germany",2024-02-17,2024-02-17,778,1,"Yes",0,0,1,0,0,0,0,0,0,"Yes",1,0,0,0,1,0,1,0,0,0,0,0,NA,1,3
"373",407,"Germany",2024-02-18,2024-02-18,779,1,"No",0,0,0,0,0,0,1,0,0,"No",0,0,0,0,0,0,0,0,0,0,0,0,NA,1,0
"374",408,"Germany",2024-02-18,2024-02-18,779,1,"No",0,0,1,0,0,0,1,0,1,"No",0,0,0,0,1,0,0,0,0,0,0,0,"Ahorn",3,1
"375",409,"Spain",2024-02-19,2024-02-19,780,1,"No",0,0,0,0,0,0,0,0,0,"No",0,0,0,0,0,0,1,0,0,0,0,0,NA,0,1
"376",410,"France",2024-02-24,2024-02-24,785,1,"No",0,0,0,0,0,1,0,0,0,"No",0,0,0,0,0,0,1,0,0,0,0,0,NA,1,1
"377",NA,NA,2024-02-27,2024-02-27,788,0,"No",0,0,0,0,0,0,1,0,0,"No",0,0,0,0,1,0,0,0,0,0,0,0,NA,1,1
"378",412,"Switzerland",2024-02-27,2024-02-27,788,1,"No",1,0,1,0,0,0,1,0,0,"No",0,0,0,0,1,0,1,1,0,0,1,0,NA,3,4
"379",413,"Italy",2024-03-19,2024-03-19,809,1,"No",0,0,0,0,0,0,0,0,0,"No",0,0,0,0,0,0,1,0,0,0,0,0,NA,0,1
"380",NA,"Hungary",2024-04-07,2024-04-07,828,1,"No",0,0,0,0,0,0,0,0,0,"No",0,1,0,0,0,0,0,1,0,0,0,0,NA,0,2
"381",NA,"Bulgaria",2024-05-28,2024-05-29,880,1,"No",0,0,0,0,0,0,0,0,0,"No",0,1,0,0,1,0,0,1,0,0,0,0,NA,0,3
