ID,Day,Month,Year,Target_country,Item_language,Recruit_code,Target_public,People_reached,Item_title,Item_type,Media_type
79,1,9,2022,France,French,DC_Mass,private forest owners,5,Présentation du projet MyGardenOfTrees,mass e-mail,e-mail
134,1,9,2023,Italy,Italian,DC_Mass,protected areas,7,Proposta di adesione al progetto MyGardenOfTrees,mass e-mail,e-mail
135,1,9,2023,Italy,Italian,DC_Mass,forestry schools,6,Proposta di adesione al progetto MyGardenOfTrees,mass e-mail,e-mail
136,1,9,2023,Italy,Italian,DC_Mass,protected areas,2,Proposta di adesione al progetto MyGardenOfTrees,mass e-mail,e-mail
243,1,11,2023,Switzerland,German,DC_Mass,forestry offices,2,"general secretary of ""Konferenz für Wald,
Wildtiere und Landschaft KWL"" (former name KOK)",personalized email,e-mail
250,2,11,2023,Switzerland,German,DC_Mass,private forest owners,5,Bernerwaldeigentümerverband,mass e-mail,e-mail
251,3,11,2023,Switzerland,German,DC_Mass,foresters from all sectors,2,diverse Forstbetriebe,mass e-mail,e-mail
252,3,11,2023,Switzerland,German,DC_Mass,foresters from all sectors,10,diverse Forstbetriebe,mass e-mail,e-mail
139,4,9,2023,Italy,Italian,DC_Mass,protected areas,1,Proposta di adesione al progetto MyGardenOfTrees,mass e-mail,e-mail
106,8,5,2023,Germany,German,DC_Mass,forestry offices,9,9 different state and regional forest offices,mass e-mail,e-mail
185,8,9,2023,Slovenia,Slovene,DC_Mass,foresters from all sectors,50,Flyer in Slovene language,brochure,e-mail
142,8,9,2023,Italy,Italian,DC_Mass,farmers,10,Proposta di adesione al progetto MyGardenOfTrees,mass e-mail,e-mail
143,8,9,2023,Italy,Italian,DC_Mass,protected areas,1,Proposta di adesione al progetto MyGardenOfTrees,mass e-mail,e-mail
144,8,9,2023,Italy,Italian,DC_Mass,scientists,1,Proposta di adesione al progetto MyGardenOfTrees,mass e-mail,e-mail
184,10,6,2023,Slovenia,Slovene,DC_Mass,foresters from all sectors,150,Vabilo k sodelovanju: projekt MyGardenOfTrees v Sloveniji,mass e-mail,e-mail
83,11,4,2023,France,French,DC_Mass,private forest owners,4,Présentation du projet MyGardenOfTrees,mass e-mail,e-mail
164,11,5,2022,Poland,Polish,DC_Mass,foresters from all sectors,30,Zaproszenie do udziału w projekcie MyGardenofTrees,personalized email,e-mail
186,11,9,2023,Slovenia,Slovene,DC_Mass,foresters from all sectors,60,MyGardenOfTrees mikrovrtovi - prvo vabilo,personalized email,e-mail
148,12,9,2023,Italy,Italian,DC_Mass,forestry offices,24,Proposta di adesione al progetto MyGardenOfTrees,mass e-mail,e-mail
146,12,9,2023,Italy,Italian,DC_Mass,farmers,3,Proposta di adesione al progetto MyGardenOfTrees,mass e-mail,e-mail
147,12,9,2023,Italy,Italian,DC_Mass,protected areas,1,Proposta di adesione al progetto MyGardenOfTrees,mass e-mail,e-mail
149,13,9,2023,Italy,Italian,DC_Mass,forestry offices,5,Proposta di adesione al progetto MyGardenOfTrees,mass e-mail,e-mail
126,15,3,2023,Hungary,Hungarian,DC_Mass,all,5,MyGardenOfTrees brochure translated into Hungarian,brochure,e-mail
2,15,3,2023,Austria,English,DC_Mass,scientists,2,MyGardenOfTrees brochure,brochure,e-mail
197,15,5,2023,Spain,Spanish,DC_Mass,foresters from all sectors,30,Presentation of Project,mass e-mail,e-mail
109,15,7,2022,Germany,German,DC_Mass,all,41,Email to potential participants after INTERFORST,personalized email,e-mail
75,15,7,2022,France,French,DC_Mass,private forest owners,7,Présentation du projet MyGardenOfTrees,mass e-mail,e-mail
12,15,7,2023,Bulgaria,Bulgarian,DC_Mass,forestry offices,15,Email to forest departments,mass e-mail,e-mail
13,15,8,2023,Bulgaria,Bulgarian,DC_Mass,forestry offices,15,Email to forest departments,mass e-mail,e-mail
150,15,9,2023,Italy,Italian,DC_Mass,protected areas,30,Proposta di adesione al progetto MyGardenOfTrees,mass e-mail,e-mail
170,15,9,2023,Poland,Polish ,DC_Mass,forestry offices,20,Projekt naukowy MyGardenofTrees,mass e-mail,e-mail
14,15,9,2023,Bulgaria,Bulgarian,DC_Mass,forestry offices,15,Email to forest departments,mass e-mail,e-mail
127,15,9,2023,Hungary,Hungarian,DC_Mass,all,10,MyGardenOfTrees brochure translated into Hungarian,brochure,e-mail
181,15,9,2023,Slovakia,Hungarian,DC_Mass,private forest owners,5,MyGardenOfTrees brochure translated into Hungarian,brochure,e-mail
179,15,10,2023,Slovakia,English,DC_Mass,all,30,MyGardenOfTrees brochure,brochure,e-mail
17,15,10,2023,Bulgaria,Bulgarian,DC_Mass,forestry offices,15,Email to forest departments,mass e-mail,e-mail
129,15,10,2023,Hungary,Hungarian,DC_Mass,forest companies,5,MyGardenOfTrees brochure translated into Hungarian,brochure,e-mail
172,15,10,2023,Romania,English,DC_Mass,forestry schools,5,MyGardenOfTrees brochure,brochure,e-mail
18,15,11,2023,Bulgaria,Bulgarian,DC_Mass,forestry offices,15,Email to forest departments,mass e-mail,e-mail
180,15,11,2023,Slovakia,English,DC_Mass,all,10,MyGardenOfTrees brochure,brochure,e-mail
265,15,11,2023,Switzerland,Italian,DC_Mass,private forest owners,5,Association BoscoTicino,mass e-mail,e-mail
19,15,12,2023,Bulgaria,Bulgarian,DC_Mass,forestry offices,15,Email to forest departments,mass e-mail,e-mail
151,16,9,2023,Italy,Italian,DC_Mass,protected areas,16,Proposta di adesione al progetto MyGardenOfTrees,mass e-mail,e-mail
80,25,1,2023,France,French,DC_Mass,private forest owners,60,Présentation du projet MyGardenOfTrees,mass e-mail,e-mail
228,25,10,2023,Switzerland,German,DC_Mass,private forest owners,72,Association WaldGraubunden,mass e-mail,e-mail
214,25,10,2023,Switzerland,French,DC_Mass,private forest owners,55,Association Foret Vaud,mass e-mail,e-mail
223,25,10,2023,Switzerland,German,DC_Mass,private forest owners,52,Association Waldaargau,mass e-mail,e-mail
213,25,10,2023,Switzerland,French,DC_Mass,private forest owners,41,Association Foret Valais,mass e-mail,e-mail
232,25,10,2023,Switzerland,German,DC_Mass,private forest owners,33,Association Waldsanktgallen,mass e-mail,e-mail
210,25,10,2023,Switzerland,French,DC_Mass,private forest owners,27,Association Foret Fribourg,mass e-mail,e-mail
226,25,10,2023,Switzerland,German,DC_Mass,private forest owners,22,Association Waldbasel BL/BS,mass e-mail,e-mail
229,25,10,2023,Switzerland,German,DC_Mass,private forest owners,21,Association WaldLuzern,mass e-mail,e-mail
235,25,10,2023,Switzerland,German,DC_Mass,private forest owners,17,Association Waldthurgau,mass e-mail,e-mail
234,25,10,2023,Switzerland,German,DC_Mass,private forest owners,14,Association Waldsolothurn,mass e-mail,e-mail
233,25,10,2023,Switzerland,German,DC_Mass,private forest owners,14,Association Waldschwyz,mass e-mail,e-mail
231,25,10,2023,Switzerland,German,DC_Mass,private forest owners,14,Association Waldobwalden,mass e-mail,e-mail
212,25,10,2023,Switzerland,French,DC_Mass,private forest owners,11,Association Foret Jura,mass e-mail,e-mail
225,25,10,2023,Switzerland,German,DC_Mass,private forest owners,10,Association Waldaschaffhausen,mass e-mail,e-mail
224,25,10,2023,Switzerland,German,DC_Mass,private forest owners,9,Association Waldappenzeller AI/AR,mass e-mail,e-mail
227,25,10,2023,Switzerland,German,DC_Mass,private forest owners,7,Association Waldglarus,mass e-mail,e-mail
230,25,10,2023,Switzerland,German,DC_Mass,private forest owners,7,Association Waldnidwalden,mass e-mail,e-mail
236,25,10,2023,Switzerland,German,DC_Mass,private forest owners,6,Association Walduri,mass e-mail,e-mail
211,25,10,2023,Switzerland,French,DC_Mass,private forest owners,4,Association Foret Geneve,mass e-mail,e-mail
92,26,7,2023,France,French,DC_Mass,private forest owners,13,Présentation du projet MyGardenOfTrees,mass e-mail,e-mail
238,26,10,2023,Switzerland,German,DC_Mass,private forest owners,43,Association Waldzurich,mass e-mail,e-mail
237,26,10,2023,Switzerland,German,DC_Mass,private forest owners,7,Association WaldZug,mass e-mail,e-mail
68,28,6,2022,France,French,DC_Mass,forestry schools,19,Présentation du projet MyGardenOfTrees,mass e-mail,e-mail
69,28,6,2022,France,French,DC_Mass,forestry offices,18,Présentation du projet MyGardenOfTrees,mass e-mail,e-mail
154,28,9,2023,Italy,Italian,DC_Mass,protected areas,25,Proposta di adesione al progetto MyGardenOfTrees,mass e-mail,e-mail
155,28,9,2023,Italy,Italian,DC_Mass,forestry offices,2,Proposta di adesione al progetto MyGardenOfTrees,mass e-mail,e-mail
156,29,9,2023,Italy,Italian,DC_Mass,protected areas,27,Proposta di adesione al progetto MyGardenOfTrees,mass e-mail,e-mail
169,31,10,2022,Poland,Polish ,DC_Mass,foresters from all sectors,250,Projekt naukowy MyGardenofTrees,mass e-mail,e-mail
257,31,12,2023,Switzerland,German,DC_Mass,forest companies,2,diverse Forstbetriebe,mass e-mail,e-mail
107,1,6,2022,Germany,German,DC_Mass,all,20,Mass e-mail to private forestry network,mass e-mail,e-mail
107,15,6,2022,Germany,German,DC_Mass,all,20,Mass e-mail to private forestry network,mass e-mail,e-mail
107,22,6,2022,Germany,German,DC_Mass,all,20,Mass e-mail to private forestry network,mass e-mail,e-mail
107,8,6,2022,Germany,German,DC_Mass,all,20,Mass e-mail to private forestry network,mass e-mail,e-mail
61,3,6,2022,France,French,DC_Meeting,scientists,5,"MyGardenOfTrees, un projet de science participative pour des forêts résilientes face au changement climatique en Europe",presentation,conference
260,9,7,2023,Switzerland,German,DC_Meeting,forestry offices,1,Zoom meeting with head of Forestry office of Ticino,informal conversation,meeting
21,15,5,2022,Croatia,Croatian,DC_Meeting,foresters from all sectors,12,Call for participation,talk,meeting
8,15,5,2022,Bosnia & Herzegovina,Croatian,DC_Meeting,scientists,3,Call for participation,talk,meeting
175,15,5,2022,Serbia,Croatian,DC_Meeting,policy-makers,1,Call for participation,talk,meeting
111,15,6,2022,Germany,German,DC_Meeting,all,10,Phone calls,informal conversation,meeting
24,15,6,2022,Croatia,Croatian,DC_Meeting,foresters from all sectors,9,Call for participation,talk,meeting
25,15,7,2022,Croatia,Croatian,DC_Meeting,forest companies,2,Call for participation,talk,meeting
187,15,9,2023,Slovenia,Slovene,DC_Meeting,foresters from all sectors,25,"Informal conversations at events, field trips",informal conversation,meeting
189,15,10,2023,Slovenia,Slovene,DC_Meeting,foresters from all sectors,25,"Informal conversations at events, field trips",informal conversation,meeting
30,18,10,2022,Croatia,Croatian,DC_Meeting,forest companies,20,Zoom meeting with Forestry sector director of Hrvatske šume,short communication,expert level meeting
158,23,10,2023,Italy,Italian,DC_Meeting,private forest owners,5,My Garden of Trees: un progetto di scienza partecipativo per la resilienza delle foreste al cambiamento climatico,presentation,meeting
111,25,6,2022,Germany,German,DC_Meeting,all,10,Phone calls,informal conversation,meeting
111,5,6,2022,Germany,German,DC_Meeting,all,10,Phone calls,informal conversation,meeting
95,1,8,2023,France,French,DC_Personal,private forest owners,,Présentation du projet MyGardenOfTrees,personalized email,e-mail
137,1,9,2023,Italy,Italian,DC_Personal,scientists,3,Proposta di adesione al progetto MyGardenOfTrees,personalized email,e-mail
244,1,11,2023,Switzerland,German,DC_Personal,private forest owners,1,Forstbetrieb Frenkentäler,personalized email,e-mail
245,1,11,2023,Switzerland,German,DC_Personal,forestry offices,1,Kantonsforstamt Wallis,personalized email,e-mail
246,1,11,2023,Switzerland,German,DC_Personal,forestry offices,1,Kantonsforstamt Graubünden,personalized email,e-mail
247,1,11,2023,Switzerland,German,DC_Personal,forestry offices,1,Kantonsforstamt St.Gallen,personalized email,e-mail
248,1,11,2023,Switzerland,German,DC_Personal,forestry offices,1,Kantonsforstamt Zürich,personalized email,e-mail
78,3,8,2022,France,French,DC_Personal,private forest owners,1,Présentation du projet MyGardenOfTrees,personalized email,e-mail
140,4,9,2023,Italy,Italian,DC_Personal,scientists,4,Proposta di adesione al progetto MyGardenOfTrees,personalized email,e-mail
56,5,4,2022,France,French,DC_Personal,private forest owners,2,Présentation du projet MyGardenOfTrees,personalized email,e-mail
55,5,4,2022,France,French,DC_Personal,private forest owners,1,Présentation du projet MyGardenOfTrees,personalized email,e-mail
73,5,7,2022,France,French,DC_Personal,forestry offices,1,Présentation du projet MyGardenOfTrees,personalized email,e-mail
97,5,9,2023,France,French,DC_Personal,private forest owners,4,Présentation du projet MyGardenOfTrees,personalized email,e-mail
256,5,12,2023,Switzerland,German,DC_Personal,private forest owners,5,president of the local nature conservation and bird protection community in Pfäffikon ZH,personalized email,e-mail
177,6,10,2022,Serbia,Croatian,DC_Personal,all,5,Poziv na suradnju - projekt MyGardenOfTrees,personalized email,e-mail
161,6,11,2023,Italy,Italian,DC_Personal,private forest owners,5,Proposta di adesione al progetto MyGardenOfTrees,personalized email,e-mail
162,6,11,2023,Italy,Italian,DC_Personal,scientists,1,Proposta di adesione al progetto MyGardenOfTrees,personalized email,e-mail
63,7,6,2022,France,French,DC_Personal,private forest owners,8,Présentation du projet MyGardenOfTrees,personalized email,e-mail
62,7,6,2022,France,French,DC_Personal,scientists,4,Présentation du projet MyGardenOfTrees,personalized email,e-mail
64,7,6,2022,France,French,DC_Personal,forestry offices,3,Présentation du projet MyGardenOfTrees,personalized email,e-mail
141,7,9,2023,Italy,Italian,DC_Personal,foresters from all sectors,2,Proposta di adesione e diffusione progetto MyGardenOfTrees,personalized email,e-mail
253,7,11,2023,Switzerland,German,DC_Personal,forestry schools,2,Försterschulen Lyss und Maienfeld,personalized email,e-mail
81,8,2,2023,France,French,DC_Personal,private forest owners,4,Présentation du projet MyGardenOfTrees,personalized email,e-mail
171,8,5,2023,Portugal,English,DC_Personal,scientists,2,Project introduction to Portugal scientists from COST Action ,personalized email,e-mail
36,8,5,2023,Denmark,English,DC_Personal,forest companies,1,Project introduction to Hedeselskabet (Denmark),personalized email,e-mail
145,8,9,2023,Italy,Italian,DC_Personal,foresters from all sectors,2,Proposta di adesione e diffusione progetto MyGardenOfTrees,personalized email,e-mail
84,11,4,2023,France,French,DC_Personal,forestry schools,2,Présentation du projet MyGardenOfTrees,personalized email,e-mail
96,14,8,2023,France,French,DC_Personal,private forest owners,2,Présentation du projet MyGardenOfTrees,personalized email,e-mail
254,14,11,2023,Switzerland,German,DC_Personal,forestry offices,1,Kantonsforstamt Luzern,personalized email,e-mail
20,15,5,2022,Croatia,Croatian,DC_Personal,all,7,Poziv na suradnju - projekt MyGardenOfTrees,personalized email,e-mail
23,15,6,2022,Croatia,Croatian,DC_Personal,all,9,Poziv na suradnju - projekt MyGardenOfTrees,personalized email,e-mail
65,15,6,2022,France,French,DC_Personal,scientists,4,Présentation du projet MyGardenOfTrees,personalized email,e-mail
4,15,6,2022,Austria,German,DC_Personal,forestry offices,1,Email to Georg Pircher,personalized email,e-mail
66,15,6,2022,France,French,DC_Personal,forestry offices,1,Présentation du projet MyGardenOfTrees,personalized email,e-mail
67,15,6,2022,France,French,DC_Personal,protected areas,1,Présentation du projet MyGardenOfTrees,personalized email,e-mail
88,15,6,2023,France,French,DC_Personal,private forest owners,6,Présentation du projet MyGardenOfTrees,personalized email,e-mail
9,15,7,2022,Bosnia & Herzegovina,Croatian,DC_Personal,foresters from all sectors,2,Call for participation,personalized email,meeting
176,15,7,2022,Serbia,Croatian,DC_Personal,scientists,2,Call for participation,personalized email,meeting
15,15,9,2023,Bulgaria,Bulgarian,DC_Personal,private forest owners,3,Email to university,personalized email,e-mail
16,15,10,2022,Bulgaria,Bulgarian,DC_Personal,foresters from all sectors,15,Individual recruiting,informal conversation,meeting
57,17,5,2022,France,French,DC_Personal,scientists,4,Présentation du projet MyGardenOfTrees,personalized email,e-mail
58,17,5,2022,France,French,DC_Personal,forestry offices,1,Présentation du projet MyGardenOfTrees,personalized email,e-mail
76,18,7,2022,France,French,DC_Personal,forestry schools,1,Présentation du projet MyGardenOfTrees,personalized email,e-mail
85,19,4,2023,France,French,DC_Personal,protected areas,8,Présentation du projet MyGardenOfTrees,personalized email,e-mail
86,20,4,2023,France,French,DC_Personal,private forest owners,4,Présentation du projet MyGardenOfTrees,personalized email,e-mail
87,20,4,2023,France,French,DC_Personal,scientists,1,Présentation du projet MyGardenOfTrees,personalized email,e-mail
90,22,6,2023,France,French,DC_Personal,private forest owners,6,Présentation du projet MyGardenOfTrees,personalized email,e-mail
152,22,9,2023,Italy,Italian,DC_Personal,private forest owners,2,Proposta di adesione al progetto MyGardenOfTrees,personalized email,e-mail
153,22,9,2023,Italy,Italian,DC_Personal,scientists,1,Proposta di adesione al progetto MyGardenOfTrees,personalized email,e-mail
59,24,5,2022,France,French,DC_Personal,forestry schools,1,Présentation du projet MyGardenOfTrees,personalized email,e-mail
60,24,5,2022,France,French,DC_Personal,policy-makers,1,Présentation du projet MyGardenOfTrees,personalized email,e-mail
98,25,9,2023,France,French,DC_Personal,private forest owners,2,Présentation du projet MyGardenOfTrees,personalized email,e-mail
165,27,6,2022,Poland,Polish,DC_Personal,forestry offices,5,Projekt naukowy MyGardenofTrees,personalized email,e-mail
183,28,3,2023,Slovenia,Croatian,DC_Personal,all,6,Poziv na suradnju - projekt MyGardenOfTrees,personalized email,e-mail
71,28,6,2022,France,French,DC_Personal,scientists,4,Présentation du projet MyGardenOfTrees,personalized email,e-mail
72,28,6,2022,France,French,DC_Personal,private forest owners,4,Présentation du projet MyGardenOfTrees,personalized email,e-mail
70,28,6,2022,France,French,DC_Personal,protected areas,1,Présentation du projet MyGardenOfTrees,personalized email,e-mail
94,31,7,2023,France,French,DC_Personal,scientists,3,Présentation du projet MyGardenOfTrees,personalized email,e-mail
206,31,7,2023,Switzerland,French,DC_Personal,forestry offices,2,Présentation du projet MyGardenOfTrees,personalized email,e-mail
204,31,7,2023,Switzerland,French,DC_Personal,forestry offices,1,Présentation du projet MyGardenOfTrees,personalized email,e-mail
205,31,7,2023,Switzerland,French,DC_Personal,forestry offices,1,Présentation du projet MyGardenOfTrees,personalized email,e-mail
207,31,7,2023,Switzerland,French,DC_Personal,forestry offices,1,Présentation du projet MyGardenOfTrees,personalized email,e-mail
208,31,7,2023,Switzerland,French,DC_Personal,forestry offices,1,Présentation du projet MyGardenOfTrees,personalized email,e-mail
241,31,10,2023,Switzerland,German,DC_Personal,forestry offices,1,Staatsforst Solothurn,personalized email,e-mail
242,31,10,2023,Switzerland,German,DC_Personal,private forest owners,1,MyClimate,personalized email,e-mail
280,23,9,2023,Finland,English,DC_Personal,forest companies,1,email to Tornator,personalized email,e-mail
5,25,6,2022,Austria,German,DC_Personal,forestry offices,1,Email to Wolfgang Weger,personalized email,e-mail
3,5,6,2022,Austria,German,DC_Personal,forestry offices,1,Email to Thomas Baschny ,personalized email,e-mail
190,1,3,2024,Slovenia,Slovene,OR_Long,farmers,100,Projekt MyGardenOfTrees v Sloveniji,outreach article,magazine
27,1,10,2022,Croatia,Croatian,OR_Long,foresters from all sectors,100,Inovativni znanstveni projekt: Održavanje šumskih populacija unutar njihovog trenutnog areala veliki je izazov,outreach article,magazine
28,1,10,2022,Croatia,Croatian,OR_Long,foresters from all sectors,100,New article in preparation-about the experience of participants from Hrvatske šume and about the project state of the art ,outreach article,magazine
7,1,10,2023,Belgium,French,OR_Long,foresters from all sectors,100,De la science participative pour des forets resilientes au changement climatique,outreach article,magazine
1,5,7,2022,Europe,English,OR_Long,all,,MyGardenOfTrees website English,website,website
74,5,7,2022,France,French,OR_Long,all,,MyGardenOfTrees website translated to French,website,website
105,6,9,2022,Germany,German,OR_Long,foresters from all sectors,500,Forscherin verteilt internationales Saatgut,outreach article,magazine
122,7,9,2022,Hungary,Hungarian,OR_Long,foresters from all sectors,100,Önkéntes részvételen alapuló kutatás az éghajlatváltozáshoz alkalmazkodni képes erdőkért,outreach article,magazine
35,7,10,2022,Czech Republic,Czech,OR_Long,all,,MyGardenOfTrees website translated to Czech,website,website
166,10,7,2022,Poland,Polish,OR_Long,all,,MyGardenOfTrees website translated to Polish,website,website
125,11,11,2022,Hungary,Hungarian,OR_Long,foresters from all sectors,50,Felhívás nemzetközi projektben való részvételre,press release,magazine
178,12,7,2022,Serbia,Serb,OR_Long,all,,MyGardenOfTrees website translated to Serb,website,website
10,12,9,2022,Bulgaria,Bulgarian,OR_Long,all,,MyGardenOfTrees website translated to Bulgarian,website,website
192,13,4,2024,Slovenia,Slovenian,OR_Long,all,,MyGardenOfTrees website translated to Slovenian,website,website
37,13,9,2023,Europe,Any,OR_Long,all,,MyGardenOfTrees video,video,video
119,14,7,2022,Greece,Greek,OR_Long,all,,MyGardenOfTrees website translated to Greek,website,website
193,14,7,2022,Spain,Spanish,OR_Long,all,,MyGardenOfTrees website translated to Spanish,website,website
133,14,12,2022,Italy,Italian,OR_Long,foresters from all sectors,200,Ricerca partecipativa per foreste climate-smart,outreach article,magazine
167,15,2,2023,Poland,Polish,OR_Long,foresters from all sectors,100,Nauka na rzecz lasów odpornych na zmiany klimatu ,press release,magazine
6,15,7,2023,Belgium,French,OR_Long,foresters from all sectors,100,De la science participative pour des forêts résilientes au changement climatique,outreach article,magazine
11,15,8,2023,Bulgaria,Bulgarian,OR_Long,all,100,MyGardenOfTrees,outreach article,magazine
123,15,9,2022,Hungary,Hungarian,OR_Long,foresters from all sectors,100,Önkéntes részvételen alapuló kutatás az éghajlatváltozáshoz alkalmazkodni képes erdőkért,outreach article,magazine
221,15,9,2022,Switzerland,German,OR_Long,foresters from all sectors,100,Auf der Suche nach dem Saatgut für die Bäume der Zukunft,outreach article,magazine
202,15,9,2022,Switzerland,French,OR_Long,foresters from all sectors,50,De la science participative pour des forêt résilientes,outreach article,magazine
124,15,9,2022,Hungary,Hungarian,OR_Long,all,,MyGardenOfTrees website translated to Hungarian,website,website
100,15,11,2023,France,French,OR_Long,private forest owners,500,MyGardenOfTrees,outreach article,magazine
199,19,7,2022,Switzerland,English,OR_Long,scientists,50,Help from volunteer foresters sought for a Europe-wide forest experiment,press release,newspaper
188,20,9,2023,Slovenia,Slovene,OR_Long,foresters from all sectors,100,Začetek projekta MyGardenOfTrees v Sloveniji,outreach article,magazine
26,22,7,2022,Croatia,Croatian,OR_Long,all,,MyGardenOfTrees website translated to Croatia,website,website
104,22,7,2022,Germany,German,OR_Long,all,,MyGardenOfTrees website translated to German,website,website
270,23,2,2023,Germany,German,OR_Long,foresters from all sectors,100,Small online magazin ad,press release,newspaper
132,26,7,2022,Italy,Italian,OR_Long,all,,MyGardenOfTrees website translated to Italian,website,website
173,26,8,2022,Romania,Romanian,OR_Long,all,,MyGardenOfTrees website translated to Romanian,website,website
261,27,7,2022,Switzerland,Italian,OR_Long,all,50,"Cambiamento climatico: I nostri boschi sono a rischio, ma c’è chi guarda al domani",interview,newspaper
128,27,9,2023,Hungary,Hungarian,OR_Long,foresters from all sectors,20,MyGardenOfTrees,press release,magazine
220,27,11,2023,Switzerland,French,OR_Long,all,20,A la recherche les forets du futur,press release,newspaper
350,1,4,2024,Spain,Spanish,OR_Long,all,,MyGardenOfTrees website reorganization in Spanish,website,website
300,11,3,2024,Croatia,Croatian,OR_Long,all,,MyGardenOfTrees website reorganization in Croatian,website,website
290,29,2,2024,Europe,English,OR_Long,all,,MyGardenOfTrees website reorganization in English,website,website
310,29,2,2024,France,French,OR_Long,all,,MyGardenOfTrees website reorganization in French,website,website
360,29,2,2024,Italy,Italian,OR_Long,all,,MyGardenOfTrees website reorganization in Italian,website,website
340,4,3,2024,Germany,German,OR_Long,all,,MyGardenOfTrees website reorganization in German,website,website
320,4,3,2024,Hungary,Hungarian,OR_Long,all,,MyGardenOfTrees website reorganization in Hungarian,website,website
330,4,3,2024,Slovenia,Slovenian,OR_Long,all,,MyGardenOfTrees website reorganization in Slovenian,website,website
370,7,4,2024,Bulgaria,Bulgarian,OR_Long,all,,MyGardenOfTrees website reorganization in Bulgarian,website,website
191,5,12,2023,Slovenia,Slovene,PL_Formal,foresters from all sectors,20,Predstavitev projekta MyGardenOfTrees v Sloveniji,presentation,local event
201,8,2,2022,Switzerland,French,PL_Formal,foresters from all sectors,30,"MyGardenOfTrees
Science participative pour des forêts résilientes face au changement climatique en Europe",poster,public forum
196,13,5,2023,Spain,Spanish,PL_Formal,all,40,MyGardenOfTrees. Ciencia participativa para la resiliencia climática de los bosques de Europa,poster,workshop
268,15,6,2023,Spain,Spanish,PL_Formal,forestry schools,10,Presentation in Forestry school ,presentation,local event
269,15,6,2023,Spain,Spanish,PL_Formal,forestry schools,10,Presentation of Project,presentation,local event
103,17,7,2022,Germany,German,PL_Formal,foresters from all sectors,30,"MyGardenOfTrees
Ein partizipatives wissenschaftliches Projekt zur Untersuchung von Waldverjüngung und - wachstum in ganz Europa",brochure,fair
163,18,3,2024,Italy,Italian,PL_Formal,private forest owners,20,My Garden of Trees: un progetto di scienza partecipativo per la resilienza delle foreste al cambiamento climatico,presentation,local event
157,20,10,2023,Italy,Italian,PL_Formal,foresters from all sectors,50,My Garden of Trees: un progetto di scienza partecipativo per la resilienza delle foreste al cambiamento climatico,presentation,scientific conference
194,23,3,2023,Spain,Spanish,PL_Formal,all,100,"MyGardenOf Trees: un proyecto de investigación, participativa para la residencia de los bosques europeos frente al cambio climático ",presentation,workshop
222,24,8,2023,Switzerland,German,PL_Formal,foresters from all sectors,80,"MyGardenOfTrees
Ein partizipatives wissenschaftliches Projekt zur Untersuchung von Waldverjüngung und - wachstum in ganz Europa",brochure,fair
209,24,8,2023,Switzerland,French,PL_Formal,foresters from all sectors,50,"MyGardenOfTrees
Un projet de sciences participatives pour l'étude de la croissance et de la
régénération des forêts en Europe",brochure,fair
262,24,8,2023,Switzerland,Italian,PL_Formal,foresters from all sectors,50,"MyGardenOfTrees.
Un progetto di ricerca partecipativo per lo studio della rigenerazione e della crescita delle foreste in Europa",brochure,fair
200,24,8,2023,Switzerland,English,PL_Formal,foresters from all sectors,10,"MyGardenOfTrees
A participatory science project to study forest regeneration and growth across Europe",brochure,fair
159,27,10,2023,Italy,Italian,PL_Formal,foresters from all sectors,50,"MyGardenOfTrees.
Un progetto di ricerca partecipativo per lo studio della rigenerazione e della crescita delle foreste in Europa",brochure,fair
195,28,4,2023,Spain,Spanish,PL_Formal,all,60,MyGardenOfTrees. Ciencia participativa para la resiliencia climática de los bosques de Europa,poster,workshop
120,28,8,2022,Hungary,Hungarian,PL_Formal,scientists,120,MyGardenOfTrees,poster,scientific conference
131,30,5,2022,Italy,Italian,PL_Formal,scientists,10,"MyGardenOfTrees
Ricerca partecipativa per foreste resilienti al cambio climatico in Europa",poster,scientific conference
138,1,9,2023,Italy,Italian,PL_Informal,scientists,2,Proposta di adesione al progetto MyGardenOfTrees,brochure,local event
168,7,9,2023,Poland,Polish,PL_Informal,foresters from all sectors,50,Forest Trade Show,brochure,local event
22,13,6,2022,Croatia,Croatian,PL_Informal,foresters from all sectors,5,Networking on the Life project event,informal conversation,local event
255,14,11,2023,Switzerland,German,PL_Informal,foresters from all sectors,10,"MyGardenOfTrees
Ein partizipatives wissenschaftliches Projekt zur Untersuchung von Waldverjüngung und - wachstum in ganz Europa",brochure,local event
216,14,11,2023,Switzerland,French,PL_Informal,foresters from all sectors,5,"MyGardenOfTrees
Un projet de sciences participatives pour l'étude de la croissance et de la
régénération des forêts en Europe",brochure,local event
264,14,11,2023,Switzerland,Italian,PL_Informal,foresters from all sectors,2,"MyGardenOfTrees.
Un progetto di ricerca partecipativo per lo studio della rigenerazione e della crescita delle foreste in Europa",brochure,local event
267,15,6,2023,Europe,Any,PL_Informal,policy-makers,50,"MyGardenOfTrees
A participatory science project to study forest regeneration and growth across Europe ",brochure,expert level meeting
117,19,7,2022,Germany,German,PL_Informal,all,10,Interforst forest fair,informal conversation,fair
258,26,1,2024,Switzerland,German,PL_Informal,forest companies,1,Forstbetrieb Schwarzbubenland,informal conversation,local event
239,27,10,2023,Switzerland,German,PL_Informal,foresters from all sectors,30,"MyGardenOfTrees
Ein partizipatives wissenschaftliches Projekt zur Untersuchung von Waldverjüngung und - wachstum in ganz Europa",brochure,local event
263,27,10,2023,Switzerland,Italian,PL_Informal,foresters from all sectors,20,"MyGardenOfTrees.
Un progetto di ricerca partecipativo per lo studio della rigenerazione e della crescita delle foreste in Europa",brochure,local event
215,27,10,2023,Switzerland,French,PL_Informal,foresters from all sectors,5,"MyGardenOfTrees
Un projet de sciences participatives pour l'étude de la croissance et de la
régénération des forêts en Europe",brochure,local event
240,27,10,2023,Switzerland,German,PL_Informal,forestry offices,5,"MyGardenOfTrees
Ein partizipatives wissenschaftliches Projekt zur Untersuchung von Waldverjüngung und - wachstum in ganz Europa",brochure,local event
160,28,10,2023,Italy,Italian,PL_Informal,private forest owners,100,Forestalia,informal conversation,fair
249,1,11,2023,Switzerland,German,SM_Short,all,2,Sharing post on my LinkedIn page,short communication,social media
40,3,10,2022,Europe,Any,SM_Short,all,12,Facebook MyGardenOfTrees post- announcement of cooperation with Hrvatske šume ltd,short communication,social media
29,3,10,2022,Croatia,Croatian,SM_Short,all,100,Facebook Hrvatske šume- about the project MyGardenOfTrees,short communication,social media
49,7,9,2022,Europe,Any,SM_Short,all,,Sharing posts on MyGardenOfTrees facebook page,short communication,social media
41,9,8,2023,Europe,Any,SM_Short,all,,Facebook MyGardenOfTrees post- chambers status,short communication,social media
52,9,9,2023,Europe,Any,SM_Short,all,,Sharing posts on MyGardenOfTrees facebook page,short communication,social media
203,9,11,2022,Switzerland,French,OR_Long,all,150,"MyGardenOfTrees, ou comment améliorer la résilience de nos forêts",interview,radio
47,11,4,2024,Europe,Any,SM_Short,all,,Facebook MyGardenOfTrees post- sneak peek into Bosnian micro-garden promo,short communication,social media
42,11,8,2023,Europe,Any,SM_Short,all,,Facebook MyGardenOfTrees post- beech status from chamber,short communication,social media
50,13,9,2022,Europe,Any,SM_Short,all,,Sharing posts on MyGardenOfTrees facebook page,short communication,social media
48,15,1,2024,Europe,Any,SM_Short,foresters from all sectors,5,Sharing post on Communities for diverse forestry facebook group,short communication,social media
198,15,1,2024,Sweden,English,SM_Short,all,50,Sharing post on Students for Sustainability Sweden facebook group,short communication,social media
102,15,2,2024,France,French,SM_Short,all,1,Sharing post on my LinkedIn page,short communication,social media
259,15,2,2024,Switzerland,German,SM_Short,all,1,Sharing post on my LinkedIn page,short communication,social media
115,15,6,2023,Germany,German,SM_Short,all,50,,short communication,social media
113,15,6,2023,Germany,German,SM_Short,all,3,Sharing post on my LinkedIn page,short communication,social media
114,15,6,2023,Germany,German,SM_Short,all,3,Sharing post on my LinkedIn page,short communication,social media
89,15,6,2023,France,French,SM_Short,all,2,Sharing post on my LinkedIn page,short communication,social media
38,15,7,2022,Europe,Any,SM_Short,all,,Facebook MyGardenOfTrees post- announcement of cooperation with high school,short communication,social media
91,15,7,2023,France,French,SM_Short,all,3,Sharing post on my LinkedIn page,short communication,social media
43,15,8,2023,Europe,Any,SM_Short,all,,Facebook MyGardenOfTrees post- summer monitoring Swiss,short communication,social media
33,15,9,2023,Croatia,English,SM_Short,all,47,LinkedIn post,short communication,social media
99,15,10,2023,France,French,SM_Short,all,2,Sharing post on my LinkedIn page,short communication,social media
34,15,10,2023,Croatia,English,SM_Short,all,1,LinkedIn post,short communication,social media
101,15,11,2023,France,French,SM_Short,all,2,Sharing post on my LinkedIn page,short communication,social media
44,15,12,2023,Europe,Any,SM_Short,all,,Facebook MyGardenOfTrees post- Karlovac school monitoring promo,short communication,social media
53,16,10,2023,Europe,Any,SM_Short,all,,Sharing posts on MyGardenOfTrees facebook page,short communication,social media
32,17,4,2024,Croatia,Croatian,SM_Short,all,5,Facebook private post- canopies shared from MyGardenOfTrees,short communication,social media
39,18,7,2022,Europe,Any,SM_Short,all,,Facebook MyGardenOfTrees post- HŠ participants promo,short communication,social media
77,19,7,2022,France,French,SM_Short,all,,Sharing post on Facebook,short communication,social media
45,19,12,2023,Europe,Any,SM_Short,all,,Facebook MyGardenOfTrees post- SB school monitoring promo,short communication,social media
82,21,2,2023,France,French,SM_Short,all,,Sharing post on Facebook,short communication,social media
31,22,6,2023,Croatia,Croatian,SM_Short,all,5,Facebook private post- shared map of participants,short communication,social media
46,26,3,2024,Europe,Any,SM_Short,all,,Facebook MyGardenOfTrees post- Otočac school monitoring promo,short communication,social media
51,28,6,2023,Europe,Any,SM_Short,all,,Sharing posts on MyGardenOfTrees facebook page,short communication,social media
93,28,7,2023,France,French,SM_Short,all,,Sharing post on Facebook,short communication,social media
54,30,12,2023,Europe,Any,SM_Short,all,,Sharing posts on MyGardenOfTrees facebook page,short communication,social media
121,31,8,2022,Hungary,Hungarian,OR_Long,foresters from all sectors,50,MyGardenOfTrees – támogatott fajvándorlás,press release,newspaper
